Workbook

Sheet امتیاز دهی خبرگان
C1: 1 | D1: 2 | E1: 3 | F1: 4 | G1: 5 | H1: 6 | I1: 7 | J1: 8 | K1: 9 | L1: 10 | M1: 11 | N1: 12 | O1: AVERAGE | P1: Number of respondents
B3: 1 | C3: 4 | D3: 3 | E3: 3 | F3: 5 | G3: 4 | H3: 4 | I3: 5 | J3: 4 | K3: 4 | L3: 4 | M3: 4 | N3: 5 | O3: =AVERAGE(C3:N3) -> 4.0833333 | P3: =COUNT(C3:N3) -> 12
B4: 2 | C4: 4 | D4: 4 | E4: 4 | F4: 5 | G4: 5 | H4: 4 | I4: 5 | J4: 4 | K4: 3 | L4: 4 | M4: 4 | N4: 4 | O4: =AVERAGE(C4:N4) -> 4.1666667
B5: 3 | C5: 5 | D5: 4 | E5: 5 | F5: 3 | G5: 5 | H5: 3 | I5: 5 | J5: 5 | K5: 5 | L5: 5 | M5: 5 | N5: 5 | O5: =AVERAGE(C5:N5) -> 4.5833333
B6: 4 | C6: 4 | D6: 4 | E6: 4 | F6: 3 | G6: 4 | H6: 5 | I6: 3 | J6: 4 | K6: 5 | L6: 5 | M6: 4 | N6: 4 | O6: =AVERAGE(C6:N6) -> 4.0833333
B7: 5 | C7: 5 | D7: 2 | E7: 3 | F7: 5 | G7: 5 | H7: 4 | I7: 5 | J7: 4 | K7: 4 | L7: 4 | M7: 4 | N7: 5 | O7: =AVERAGE(C7:N7) -> 4.1666667
B8: 6 | C8: 5 | D8: 3 | E8: 4 | F8: 5 | G8: 4 | H8: 3 | I8: 4 | J8: 4 | K8: 4 | L8: 4 | M8: 4 | N8: 5 | O8: =AVERAGE(C8:N8) -> 4.0833333
B9: 7 | C9: 4 | D9: 4 | E9: 4 | F9: 5 | G9: 4 | H9: 4 | I9: 4 | J9: 4 | K9: 3 | L9: 4 | M9: 4 | N9: 4 | O9: =AVERAGE(C9:N9) -> 4
B10: 8 | C10: 5 | D10: 3 | E10: 3 | F10: 3 | G10: 5 | H10: 3 | I10: 5 | J10: 5 | K10: 5 | L10: 5 | M10: 4 | N10: 5 | O10: =AVERAGE(C10:N10) -> 4.25
B11: 9 | C11: 5 | D11: 3 | E11: 5 | F11: 4 | G11: 5 | H11: 4 | I11: 5 | J11: 4 | K11: 5 | L11: 5 | M11: 4 | N11: 4 | O11: =AVERAGE(C11:N11) -> 4.4166667
B12: 10 | C12: 4 | D12: 3 | E12: 5 | F12: 4 | G12: 4 | H12: 4 | I12: 4 | J12: 4 | K12: 4 | L12: 4 | M12: 4 | N12: 4 | O12: =AVERAGE(C12:N12) -> 4
B13: 11 | C13: 5 | D13: 3 | E13: 1 | F13: 5 | G13: 5 | H13: 2 | I13: 3 | J13: 5 | K13: 5 | L13: 5 | M13: 5 | N13: 5 | O13: =AVERAGE(C13:N13) -> 4.0833333
B14: 12 | C14: 5 | D14: 4 | E14: 3 | F14: 5 | G14: 5 | H14: 3 | I14: 3 | J14: 5 | K14: 5 | L14: 5 | M14: 4 | N14: 5 | O14: =AVERAGE(C14:N14) -> 4.3333333
B15: 13 | C15: 5 | D15: 3 | E15: 4 | F15: 5 | G15: 5 | H15: 3 | I15: 3 | J15: 4 | K15: 4 | L15: 4 | M15: 4 | N15: 5 | O15: =AVERAGE(C15:N15) -> 4.0833333
... B63: 61 | C63: 5 | D63: 4 | E63: 5 | F63: 4 | G63: 2 | H63: 3 | I63: 5 | J63: 5 | K63: 4 | L63: 5 | M63: 4 | N63: 5 | O63: =AVERAGE(C63:N63) -> 4.25
B64: 61* | C64: 5 | D64: 4 | E64: 5 | F64: 3 | G64: 5 | H64: 4 | I64: 4 | J64: 4 | K64: 4 | L64: 4 | M64: 4 | N64: 4 | O64: =AVERAGE(C64:N64) -> 4.1666667
B65: 62 | C65: 5 | D65: 3 | E65: 5 | F65: 3 | G65: 5 | H65: 4 | I65: 4 | J65: 4 | K65: 4 | L65: 4 | M65: 4 | N65: 4 | O65: =AVERAGE(C65:N65) -> 4.0833333
B66: 63 | C66: 4 | D66: 3 | E66: 5 | F66: 2 | G66: 3 | H66: 2 | I66: 5 | J66: 4 | K66: 5 | L66: 5 | M66: 5 | N66: 5 | O66: =AVERAGE(C66:N66) -> 4
B67: 64 | C67: 5 | D67: 2 | E67: 5 | F67: 5 | G67: 3 | H67: 4 | I67: 4 | J67: 4 | K67: 5 | L67: 5 | M67: 4 | N67: 4 | O67: =AVERAGE(C67:N67) -> 4.1666667
B68: 65 | C68: 5 | D68: 4 | E68: 5 | F68: 5 | G68: 4 | H68: 3 | I68: 5 | J68: 3 | K68: 4 | L68: 4 | M68: 3 | N68: 4 | O68: =AVERAGE(C68:N68) -> 4.0833333
B69: 66 | C69: 5 | D69: 2 | E69: 5 | F69: 5 | G69: 4 | H69: 3 | I69: 5 | J69: 4 | K69: 5 | L69: 4 | M69: 4 | N69: 4 | O69: =AVERAGE(C69:N69) -> 4.1666667
B70: 67 | C70: 5 | D70: 3 | E70: 5 | F70: 5 | G70: 2 | H70: 3 | I70: 5 | J70: 4 | K70: 5 | L70: 3 | M70: 4 | N70: 5 | O70: =AVERAGE(C70:N70) -> 4.0833333
B71: 68 | C71: 5 | D71: 3 | E71: 4 | F71: 5 | G71: 4 | H71: 4 | I71: 5 | J71: 3 | K71: 4 | L71: 3 | M71: 4 | N71: 5 | O71: =AVERAGE(C71:N71) -> 4.0833333
B72: 68* | C72: 5 | D72: 3 | E72: 2 | F72: 5 | G72: 3 | H72: 1 | I72: 4 | J72: 3 | K72: 5 | L72: 2 | M72: 3 | N72: 5 | O72: =AVERAGE(C72:N72) -> 3.4166667
B73: 69 | C73: 5 | D73: 3 | E73: 5 | F73: 5 | G73: 4 | H73: 3 | I73: 5 | J73: 3 | K73: 4 | L73: 4 | M73: 4 | N73: 4 | O73: =AVERAGE(C73:N73) -> 4.0833333
B74: 70 | C74: 5 | D74: 4 | E74: 1 | F74: 5 | G74: 2 | H74: 5 | I74: 5 | J74: 5 | K74: 5 | L74: 5 | M74: 4 | N74: 4 | O74: =AVERAGE(C74:N74) -> 4.1666667
B75: 71 | C75: 5 | D75: 3 | E75: 1 | F75: 5 | G75: 2 | H75: 4 | I75: 3 | J75: 3 | K75: 5 | L75: 1 | M75: 4 | N75: 5 | O75: =AVERAGE(C75:N75) -> 3.4166667
B76: 72 | C76: 4 | D76: 3 | E76: 1 | F76: 3 | G76: 3 | H76: 3 | I76: 4 | J76: 4 | K76: 4 | L76: 2 | M76: 5 | N76: 4 | O76: =AVERAGE(C76:N76) -> 3.3333333
B77: 73 | C77: 5 | D77: 3 | E77: 4 | F77: 3 | G77: 3 | H77: 4 | I77: 5 | J77: 4 | K77: 5 | L77: 5 | M77: 4 | N77: 4 | O77: =AVERAGE(C77:N77) -> 4.0833333
B78: 74 | C78: 5 | D78: 4 | E78: 4 | F78: 4 | G78: 3 | H78: 4 | I78: 4 | J78: 4 | K78: 5 | L78: 4 | M78: 4 | N78: 5 | O78: =AVERAGE(C78:N78) -> 4.1666667
B79: 75 | C79: 5 | D79: 4 | E79: 5 | F79: 5 | G79: 2 | H79: 3 | I79: 4 | J79: 4 | K79: 5 | L79: 4 | M79: 4 | N79: 4 | O79: =AVERAGE(C79:N79) -> 4.0833333
B80: 76 | C80: 4 | D80: 4 | E80: 4 | F80: 5 | G80: 4 | H80: 3 | I80: 5 | J80: 4 | K80: 4 | L80: 4 | M80: 4 | N80: 5 | O80: =AVERAGE(C80:N80) -> 4.1666667
B81: 77 | C81: 5 | D81: 4 | E81: 3 | F81: 5 | G81: 2 | H81: 2 | I81: 4 | J81: 5 | K81: 5 | L81: 5 | M81: 4 | N81: 4 | O81: =AVERAGE(C81:N81) -> 4
B82: 78 | C82: 5 | D82: 4 | E82: 3 | F82: 5 | G82: 4 | H82: 4 | I82: 4 | J82: 4 | K82: 5 | L82: 4 | M82: 4 | N82: 4 | O82: =AVERAGE(C82:N82) -> 4.1666667
B83: 79 | C83: 5 | D83: 4 | E83: 3 | F83: 4 | G83: 2 | H83: 5 | I83: 5 | J83: 3 | K83: 5 | L83: 5 | M83: 3 | N83: 5 | O83: =AVERAGE(C83:N83) -> 4.0833333
B84: 80 | C84: 5 | D84: 4 | E84: 3 | F84: 4 | G84: 3 | H84: 3 | I84: 4 | J84: 4 | K84: 5 | L84: 5 | M84: 4 | N84: 4 | O84: =AVERAGE(C84:N84) -> 4
... B124: 120 | C124: 5 | D124: 3 | E124: 5 | F124: 4 | G124: 5 | H124: 4 | I124: 4 | J124: 5 | K124: 5 | L124: 5 | M124: 3 | N124: 4 | O124: =AVERAGE(C124:N124) -> 4.3333333

Sheet عملیات فازی
C1: 1 | F1: 2 | I1: 3 | L1: 4 | O1: 5 | R1: 6 | U1: 7 | X1: 8 | AA1: 9 | AD1: 10 | AG1: 11 | AJ1: 12 | AM1: Average l,MU | AP1: Total Average | AS1: Defuzzification | AT1: Pass/Not Pass | AU1: Count Pass
C2: L | D2: M | E2: U | F2: L | G2: M | H2: U | I2: L | J2: M | K2: U | L2: L | M2: M | N2: U | O2: L | P2: M | Q2: U | R2: L | S2: M | T2: U | U2: L | V2: M | W2: U | X2: L | Y2: M | Z2: U | AA2: L | AB2: M | AC2: U | AD2: L | AE2: M | AF2: U | AG2: L | AH2: M | AI2: U | AJ2: L | AK2: M | AL2: U | AM2: L | AN2: M | AO2: U | AP2: L | AQ2: M | AR2: U | AS2: Final score | AT2: ≥ 0.7 | AU2: =COUNTIF(AT3:AT75,"Pass") -> 60
B3: 1 | C3: =IF('امتیاز دهی خبرگان'!$C3=0,0,IF('امتیاز دهی خبرگان'!$C3=1,'طیف فازی'!$B$2,IF('امتیاز دهی خبرگان'!$C3=2,'طیف فازی'!$B$3,IF('امتیاز دهی خبرگان'!$C3=3,'طیف فازی'!$B$4,IF('امتیاز دهی خبرگان'!$C3=4,'طیف فازی'!$B$5,'طیف فازی'!$B$6))))) -> 0.5 | D3: =IF('امتیاز دهی خبرگان'!$C3=0,0,IF('امتیاز دهی خبرگان'!$C3=1,'طیف فازی'!$C$2,IF('امتیاز دهی خبرگان'!$C3=2,'طیف فازی'!$C$3,IF('امتیاز دهی خبرگان'!$C3=3,'طیف فازی'!$C$4,IF('امتیاز دهی خبرگان'!$C3=4,'طیف فازی'!$C$5,'طیف فازی'!$C$6))))) -> 0.75 | E3: =IF('امتیاز دهی خبرگان'!$C3=0,0,IF('امتیاز دهی خبرگان'!$C3=1,'طیف فازی'!$D$2,IF('امتیاز دهی خبرگان'!$C3=2,'طیف فازی'!$D$3,IF('امتیاز دهی خبرگان'!$C3=3,'طیف فازی'!$D$4,IF('امتیاز دهی خبرگان'!$C3=4,'طیف فازی'!$D$5,'طیف فازی'!$D$6))))) -> 1 | F3: =IF('امتیاز دهی خبرگان'!$D3=0,0,IF('امتیاز دهی خبرگان'!$D3=1,'طیف فازی'!$B$2,IF('امتیاز دهی خبرگان'!$D3=2,'طیف فازی'!$B$3,IF('امتیاز دهی خبرگان'!$D3=3,'طیف فازی'!$B$4,IF('امتیاز دهی خبرگان'!$D3=4,'طیف فازی'!$B$5,'طیف فازی'!$B$6))))) -> 0.25 | G3: =IF('امتیاز دهی خبرگان'!$D3=0,0,IF('امتیاز دهی خبرگان'!$D3=1,'طیف فازی'!$D$2,IF('امتیاز دهی خبرگان'!$D3=2,'طیف فازی'!$C$3,IF('امتیاز دهی خبرگان'!$D3=3,'طیف فازی'!$C$4,IF('امتیاز دهی خبرگان'!$D3=4,'طیف فازی'!$C$5,'طیف فازی'!$C$6))))) -> 0.5 | H3: =IF('امتیاز دهی خبرگان'!$D3=0,0,IF('امتیاز دهی خبرگان'!$D3=1,'طیف فازی'!$D$2,IF('امتیاز دهی خبرگان'!$D3=2,'طیف فازی'!$D$3,IF('امتیاز دهی خبرگان'!$D3=3,'طیف فازی'!$D$4,IF('امتیاز دهی خبرگان'!$D3=4,'طیف فازی'!$D$5,'طیف فازی'!$D$6))))) -> 0.75 | I3: =IF('امتیاز دهی خبرگان'!$E3=0,0,IF('امتیاز دهی خبرگان'!$E3=1,'طیف فازی'!$B$2,IF('امتیاز دهی خبرگان'!$E3=2,'طیف فازی'!$B$3,IF('امتیاز دهی خبرگان'!$E3=3,'طیف فازی'!$B$4,IF('امتیاز دهی خبرگان'!$E3=4,'طیف فازی'!$B$5,'طیف فازی'!$B$6))))) -> 0.25 | J3: =IF('امتیاز دهی خبرگان'!$E3=0,0,IF('امتیاز دهی خبرگان'!$E3=1,'طیف فازی'!$C$2,IF('امتیاز دهی خبرگان'!$E3=2,'طیف فازی'!$C$3,IF('امتیاز دهی خبرگان'!$E3=3,'طیف فازی'!$C$4,IF('امتیاز دهی خبرگان'!$E3=4,'طیف فازی'!$C$5,'طیف فازی'!$C$6))))) -> 0.5 | K3: =IF('امتیاز دهی خبرگان'!$E3=0,0,IF('امتیاز دهی خبرگان'!$E3=1,'طیف فازی'!$D$2,IF('امتیاز دهی خبرگان'!$E3=2,'طیف فازی'!$D$3,IF('امتیاز دهی خبرگان'!$E3=3,'طیف فازی'!$D$4,IF('امتیاز دهی خبرگان'!$E3=4,'طیف فازی'!$D$5,'طیف فازی'!$D$6))))) -> 0.75 | L3: =IF('امتیاز دهی خبرگان'!$F3=0,0,IF('امتیاز دهی خبرگان'!$F3=1,'طیف فازی'!$B$2,IF('امتیاز دهی خبرگان'!$F3=2,'طیف فازی'!$B$3,IF('امتیاز دهی خبرگان'!$F3=3,'طیف فازی'!$B$4,IF('امتیاز دهی خبرگان'!$F3=4,'طیف فازی'!$B$5,'طیف فازی'!$B$6))))) -> 0.75 | M3: =IF('امتیاز دهی خبرگان'!$F3=0,0,IF('امتیاز دهی خبرگان'!$F3=1,'طیف فازی'!$C$2,IF('امتیاز دهی خبرگان'!$F3=2,'طیف فازی'!$C$3,IF('امتیاز دهی خبرگان'!$F3=3,'طیف فازی'!$C$4,IF('امتیاز دهی خبرگان'!$F3=4,'طیف فازی'!$C$5,'طیف فازی'!$C$6))))) -> 1 | N3: =IF('امتیاز دهی خبرگان'!$F3=0,0,IF('امتیاز دهی خبرگان'!$F3=1,'طیف فازی'!$D$2,IF('امتیاز دهی خبرگان'!$F3=2,'طیف فازی'!$D$3,IF('امتیاز دهی خبرگان'!$F3=3,'طیف فازی'!$D$4,IF('امتیاز دهی خبرگان'!$F3=4,'طیف فازی'!$D$5,'طیف فازی'!$D$6))))) -> 1 | O3: =IF('امتیاز دهی خبرگان'!$G3=0,0,IF('امتیاز دهی خبرگان'!$G3=1,'طیف فازی'!$B$2,IF('امتیاز دهی خبرگان'!$G3=2,'طیف فازی'!$B$3,IF('امتیاز دهی خبرگان'!$G3=3,'طیف فازی'!$B$4,IF('امتیاز دهی خبرگان'!$G3=4,'طیف فازی'!$B$5,'طیف فازی'!$B$6))))) -> 0.5 | P3: =IF('امتیاز دهی خبرگان'!$G3=0,0,IF('امتیاز دهی خبرگان'!$G3=1,'طیف فازی'!$C$2,IF('امتیاز دهی خبرگان'!$G3=2,'طیف فازی'!$C$3,IF('امتیاز دهی خبرگان'!$G3=3,'طیف فازی'!$C$4,IF('امتیاز دهی خبرگان'!$G3=4,'طیف فازی'!$C$5,'طیف فازی'!$C$6))))) -> 0.75 | Q3: =IF('امتیاز دهی خبرگان'!$G3=0,0,IF('امتیاز دهی خبرگان'!$G3=1,'طیف فازی'!$D$2,IF('امتیاز دهی خبرگان'!$G3=2,'طیف فازی'!$D$3,IF('امتیاز دهی خبرگان'!$G3=3,'طیف فازی'!$D$4,IF('امتیاز دهی خبرگان'!$G3=4,'طیف فازی'!$D$5,'طیف فازی'!$D$6))))) -> 1 | R3: =IF('امتیاز دهی خبرگان'!$H3=0,0,IF('امتیاز دهی خبرگان'!$H3=1,'طیف فازی'!$B$2,IF('امتیاز دهی خبرگان'!$H3=2,'طیف فازی'!$B$3,IF('امتیاز دهی خبرگان'!$H3=3,'طیف فازی'!$B$4,IF('امتیاز دهی خبرگان'!$H3=4,'طیف فازی'!$B$5,'طیف فازی'!$B$6))))) -> 0.5 | S3: =IF('امتیاز دهی خبرگان'!$H3=0,0,IF('امتیاز دهی خبرگان'!$H3=1,'طیف فازی'!$C$2,IF('امتیاز دهی خبرگان'!$H3=2,'طیف فازی'!$C$3,IF('امتیاز دهی خبرگان'!$H3=3,'طیف فازی'!$C$4,IF('امتیاز دهی خبرگان'!$H3=4,'طیف فازی'!$C$5,'طیف فازی'!$C$6))))) -> 0.75 | T3: =IF('امتیاز دهی خبرگان'!$H3=0,0,IF('امتیاز دهی خبرگان'!$H3=1,'طیف فازی'!$D$2,IF('امتیاز دهی خبرگان'!$H3=2,'طیف فازی'!$D$3,IF('امتیاز دهی خبرگان'!$H3=3,'طیف فازی'!$D$4,IF('امتیاز دهی خبرگان'!$H3=4,'طیف فازی'!$D$5,'طیف فازی'!$D$6))))) -> 1 | U3: =IF('امتیاز دهی خبرگان'!$I3=0,0,IF('امتیاز دهی خبرگان'!$I3=1,'طیف فازی'!$B$2,IF('امتیاز دهی خبرگان'!$I3=2,'طیف فازی'!$B$3,IF('امتیاز دهی خبرگان'!$I3=3,'طیف فازی'!$B$4,IF('امتیاز دهی خبرگان'!$I3=4,'طیف فازی'!$B$5,'طیف فازی'!$B$6))))) -> 0.75 | V3: =IF('امتیاز دهی خبرگان'!$I3=0,0,IF('امتیاز دهی خبرگان'!$I3=1,'طیف فازی'!$C$2,IF('امتیاز دهی خبرگان'!$I3=2,'طیف فازی'!$C$3,IF('امتیاز دهی خبرگان'!$I3=3,'طیف فازی'!$C$4,IF('امتیاز دهی خبرگان'!$I3=4,'طیف فازی'!$C$5,'طیف فازی'!$C$6))))) -> 1 | W3: =IF('امتیاز دهی خبرگان'!$I3=0,0,IF('امتیاز دهی خبرگان'!$I3=1,'طیف فازی'!$D$2,IF('امتیاز دهی خبرگان'!$I3=2,'طیف فازی'!$D$3,IF('امتیاز دهی خبرگان'!$I3=3,'طیف فازی'!$D$4,IF('امتیاز دهی خبرگان'!$I3=4,'طیف فازی'!$D$5,'طیف فازی'!$D$6))))) -> 1 | X3: =IF('امتیاز دهی خبرگان'!$J3=0,0,IF('امتیاز دهی خبرگان'!$J3=1,'طیف فازی'!$B$2,IF('امتیاز دهی خبرگان'!$J3=2,'طیف فازی'!$B$3,IF('امتیاز دهی خبرگان'!$J3=3,'طیف فازی'!$B$4,IF('امتیاز دهی خبرگان'!$J3=4,'طیف فازی'!$B$5,'طیف فازی'!$B$6))))) -> 0.5 | Y3: =IF('امتیاز دهی خبرگان'!$J3=0,0,IF('امتیاز دهی خبرگان'!$J3=1,'طیف فازی'!$C$2,IF('امتیاز دهی خبرگان'!$J3=2,'طیف فازی'!$C$3,IF('امتیاز دهی خبرگان'!$J3=3,'طیف فازی'!$C$4,IF('امتیاز دهی خبرگان'!$J3=4,'طیف فازی'!$C$5,'طیف فازی'!$C$6))))) -> 0.75 | Z3: =IF('امتیاز دهی خبرگان'!$J3=0,0,IF('امتیاز دهی خبرگان'!$J3=1,'طیف فازی'!$D$2,IF('امتیاز دهی خبرگان'!$J3=2,'طیف فازی'!$D$3,IF('امتیاز دهی خبرگان'!$J3=3,'طیف فازی'!$D$4,IF('امتیاز دهی خبرگان'!$J3=4,'طیف فازی'!$D$5,'طیف فازی'!$D$6))))) -> 1 | AA3: =IF('امتیاز دهی خبرگان'!$K3=0,0,IF('امتیاز دهی خبرگان'!$K3=1,'طیف فازی'!$B$2,IF('امتیاز دهی خبرگان'!$K3=2,'طیف فازی'!$B$3,IF('امتیاز دهی خبرگان'!$K3=3,'طیف فازی'!$B$4,IF('امتیاز دهی خبرگان'!$K3=4,'طیف فازی'!$B$5,'طیف فازی'!$B$6))))) -> 0.5 | AB3: =IF('امتیاز دهی خبرگان'!$K3=0,0,IF('امتیاز دهی خبرگان'!$K3=1,'طیف فازی'!$C$2,IF('امتیاز دهی خبرگان'!$K3=2,'طیف فازی'!$C$3,IF('امتیاز دهی خبرگان'!$K3=3,'طیف فازی'!$C$4,IF('امتیاز دهی خبرگان'!$K3=4,'طیف فازی'!$C$5,'طیف فازی'!$C$6))))) -> 0.75 | AC3: =IF('امتیاز دهی خبرگان'!$K3=0,0,IF('امتیاز دهی خبرگان'!$K3=1,'طیف فازی'!$D$2,IF('امتیاز دهی خبرگان'!$K3=2,'طیف فازی'!$D$3,IF('امتیاز دهی خبرگان'!$K3=3,'طیف فازی'!$D$4,IF('امتیاز دهی خبرگان'!$K3=4,'طیف فازی'!$D$5,'طیف فازی'!$D$6))))) -> 1 | AD3: =IF('امتیاز دهی خبرگان'!$L3=0,0,IF('امتیاز دهی خبرگان'!$L3=1,'طیف فازی'!$B$2,IF('امتیاز دهی خبرگان'!$L3=2,'طیف فازی'!$B$3,IF('امتیاز دهی خبرگان'!$L3=3,'طیف فازی'!$B$4,IF('امتیاز دهی خبرگان'!$L3=4,'طیف فازی'!$B$5,'طیف فازی'!$B$6))))) -> 0.5 | AE3: =IF('امتیاز دهی خبرگان'!$L3=0,0,IF('امتیاز دهی خبرگان'!$L3=1,'طیف فازی'!$C$2,IF('امتیاز دهی خبرگان'!$L3=2,'طیف فازی'!$C$3,IF('امتیاز دهی خبرگان'!$L3=3,'طیف فازی'!$C$4,IF('امتیاز دهی خبرگان'!$L3=4,'طیف فازی'!$C$5,'طیف فازی'!$C$6))))) -> 0.75 | AF3: =IF('امتیاز دهی خبرگان'!$L3=0,0,IF('امتیاز دهی خبرگان'!$L3=1,'طیف فازی'!$D$2,IF('امتیاز دهی خبرگان'!$L3=2,'طیف فازی'!$D$3,IF('امتیاز دهی خبرگان'!$L3=3,'طیف فازی'!$D$4,IF('امتیاز دهی خبرگان'!$L3=4,'طیف فازی'!$D$5,'طیف فازی'!$D$6))))) -> 1 | AG3: =IF('امتیاز دهی خبرگان'!$M3=0,0,IF('امتیاز دهی خبرگان'!$M3=1,'طیف فازی'!$B$2,IF('امتیاز دهی خبرگان'!$M3=2,'طیف فازی'!$B$3,IF('امتیاز دهی خبرگان'!$M3=3,'طیف فازی'!$B$4,IF('امتیاز دهی خبرگان'!$M3=4,'طیف فازی'!$B$5,'طیف فازی'!$B$6))))) -> 0.5 | AH3: =IF('امتیاز دهی خبرگان'!$M3=0,0,IF('امتیاز دهی خبرگان'!$M3=1,'طیف فازی'!$C$2,IF('امتیاز دهی خبرگان'!$M3=2,'طیف فازی'!$C$3,IF('امتیاز دهی خبرگان'!$M3=3,'طیف فازی'!$C$4,IF('امتیاز دهی خبرگان'!$M3=4,'طیف فازی'!$C$5,'طیف فازی'!$C$6))))) -> 0.75 | AI3: =IF('امتیاز دهی خبرگان'!$M3=0,0,IF('امتیاز دهی خبرگان'!$M3=1,'طیف فازی'!$D$2,IF('امتیاز دهی خبرگان'!$M3=2,'طیف فازی'!$D$3,IF('امتیاز دهی خبرگان'!$M3=3,'طیف فازی'!$D$4,IF('امتیاز دهی خبرگان'!$M3=4,'طیف فازی'!$D$5,'طیف فازی'!$D$6))))) -> 1 | AJ3: =IF('امتیاز دهی خبرگان'!$N3=0,0,IF('امتیاز دهی خبرگان'!$N3=1,'طیف فازی'!$B$2,IF('امتیاز دهی خبرگان'!$N3=2,'طیف فازی'!$B$3,IF('امتیاز دهی خبرگان'!$N3=3,'طیف فازی'!$B$4,IF('امتیاز دهی خبرگان'!$N3=4,'طیف فازی'!$B$5,'طیف فازی'!$B$6))))) -> 0.75 | AK3: =IF('امتیاز دهی خبرگان'!$N3=0,0,IF('امتیاز دهی خبرگان'!$N3=1,'طیف فازی'!$C$2,IF('امتیاز دهی خبرگان'!$N3=2,'طیف فازی'!$C$3,IF('امتیاز دهی خبرگان'!$N3=3,'طیف فازی'!$C$4,IF('امتیاز دهی خبرگان'!$N3=4,'طیف فازی'!$C$5,'طیف فازی'!$C$6))))) -> 1 | AL3: =IF('امتیاز دهی خبرگان'!$N3=0,0,IF('امتیاز دهی خبرگان'!$N3=1,'طیف فازی'!$D$2,IF('امتیاز دهی خبرگان'!$N3=2,'طیف فازی'!$D$3,IF('امتیاز دهی خبرگان'!$N3=3,'طیف فازی'!$D$4,IF('امتیاز دهی خبرگان'!$N3=4,'طیف فازی'!$D$5,'طیف فازی'!$D$6))))) -> 1 | AM3: =C3+F3+I3+L3+O3+R3+U3+X3+AA3+AD3+AG3+AJ3 -> 6.25 | AN3: =D3+G3+J3+M3+P3+S3+V3+Y3+AB3+AE3+AH3+AK3 -> 9.25 | AO3: =E3+H3+K3+N3+Q3+T3+W3+Z3+AC3+AF3+AI3+AL3 -> 11.5 | AP3: =(AM3)/$AU$4 -> 0.52083333 | AQ3: =(AN3)/$AU$4 -> 0.77083333 | AR3: =(AO3)/$AU$4 -> 0.95833333 | AS3: =AVERAGE(AP3:AR3) -> 0.75 | AT3: =IF(AS3>=0.7,"Pass","Not Pass") -> Pass | AU3: Number of respondents
B4: 2 | C4: =IF('امتیاز دهی خبرگان'!$C4=0,0,IF('امتیاز دهی خبرگان'!$C4=1,'طیف فازی'!$B$2,IF('امتیاز دهی خبرگان'!$C4=2,'طیف فازی'!$B$3,IF('امتیاز دهی خبرگان'!$C4=3,'طیف فازی'!$B$4,IF('امتیاز دهی خبرگان'!$C4=4,'طیف فازی'!$B$5,'طیف فازی'!$B$6))))) -> 0.5 | D4: =IF('امتیاز دهی خبرگان'!$C4=0,0,IF('امتیاز دهی خبرگان'!$C4=1,'طیف فازی'!$C$2,IF('امتیاز دهی خبرگان'!$C4=2,'طیف فازی'!$C$3,IF('امتیاز دهی خبرگان'!$C4=3,'طیف فازی'!$C$4,IF('امتیاز دهی خبرگان'!$C4=4,'طیف فازی'!$C$5,'طیف فازی'!$C$6))))) -> 0.75 | E4: =IF('امتیاز دهی خبرگان'!$C4=0,0,IF('امتیاز دهی خبرگان'!$C4=1,'طیف فازی'!$D$2,IF('امتیاز دهی خبرگان'!$C4=2,'طیف فازی'!$D$3,IF('امتیاز دهی خبرگان'!$C4=3,'طیف فازی'!$D$4,IF('امتیاز دهی خبرگان'!$C4=4,'طیف فازی'!$D$5,'طیف فازی'!$D$6))))) -> 1 | F4: =IF('امتیاز دهی خبرگان'!$D4=0,0,IF('امتیاز دهی خبرگان'!$D4=1,'طیف فازی'!$B$2,IF('امتیاز دهی خبرگان'!$D4=2,'طیف فازی'!$B$3,IF('امتیاز دهی خبرگان'!$D4=3,'طیف فازی'!$B$4,IF('امتیاز دهی خبرگان'!$D4=4,'طیف فازی'!$B$5,'طیف فازی'!$B$6))))) -> 0.5 | G4: =IF('امتیاز دهی خبرگان'!$D4=0,0,IF('امتیاز دهی خبرگان'!$D4=1,'طیف فازی'!$D$2,IF('امتیاز دهی خبرگان'!$D4=2,'طیف فازی'!$C$3,IF('امتیاز دهی خبرگان'!$D4=3,'طیف فازی'!$C$4,IF('امتیاز دهی خبرگان'!$D4=4,'طیف فازی'!$C$5,'طیف فازی'!$C$6))))) -> 0.75 | H4: =IF('امتیاز دهی خبرگان'!$D4=0,0,IF('امتیاز دهی خبرگان'!$D4=1,'طیف فازی'!$D$2,IF('امتیاز دهی خبرگان'!$D4=2,'طیف فازی'!$D$3,IF('امتیاز دهی خبرگان'!$D4=3,'طیف فازی'!$D$4,IF('امتیاز دهی خبرگان'!$D4=4,'طیف فازی'!$D$5,'طیف فازی'!$D$6))))) -> 1 | I4: =IF('امتیاز دهی خبرگان'!$E4=0,0,IF('امتیاز دهی خبرگان'!$E4=1,'طیف فازی'!$B$2,IF('امتیاز دهی خبرگان'!$E4=2,'طیف فازی'!$B$3,IF('امتیاز دهی خبرگان'!$E4=3,'طیف فازی'!$B$4,IF('امتیاز دهی خبرگان'!$E4=4,'طیف فازی'!$B$5,'طیف فازی'!$B$6))))) -> 0.5 | J4: =IF('امتیاز دهی خبرگان'!$E4=0,0,IF('امتیاز دهی خبرگان'!$E4=1,'طیف فازی'!$C$2,IF('امتیاز دهی خبرگان'!$E4=2,'طیف فازی'!$C$3,IF('امتیاز دهی خبرگان'!$E4=3,'طیف فازی'!$C$4,IF('امتیاز دهی خبرگان'!$E4=4,'طیف فازی'!$C$5,'طیف فازی'!$C$6))))) -> 0.75 | K4: =IF('امتیاز دهی خبرگان'!$E4=0,0,IF('امتیاز دهی خبرگان'!$E4=1,'طیف فازی'!$D$2,IF('امتیاز دهی خبرگان'!$E4=2,'طیف فازی'!$D$3,IF('امتیاز دهی خبرگان'!$E4=3,'طیف فازی'!$D$4,IF('امتیاز دهی خبرگان'!$E4=4,'طیف فازی'!$D$5,'طیف فازی'!$D$6))))) -> 1 | L4: =IF('امتیاز دهی خبرگان'!$F4=0,0,IF('امتیاز دهی خبرگان'!$F4=1,'طیف فازی'!$B$2,IF('امتیاز دهی خبرگان'!$F4=2,'طیف فازی'!$B$3,IF('امتیاز دهی خبرگان'!$F4=3,'طیف فازی'!$B$4,IF('امتیاز دهی خبرگان'!$F4=4,'طیف فازی'!$B$5,'طیف فازی'!$B$6))))) -> 0.75 | M4: =IF('امتیاز دهی خبرگان'!$F4=0,0,IF('امتیاز دهی خبرگان'!$F4=1,'طیف فازی'!$C$2,IF('امتیاز دهی خبرگان'!$F4=2,'طیف فازی'!$C$3,IF('امتیاز دهی خبرگان'!$F4=3,'طیف فازی'!$C$4,IF('امتیاز دهی خبرگان'!$F4=4,'طیف فازی'!$C$5,'طیف فازی'!$C$6))))) -> 1 | N4: =IF('امتیاز دهی خبرگان'!$F4=0,0,IF('امتیاز دهی خبرگان'!$F4=1,'طیف فازی'!$D$2,IF('امتیاز دهی خبرگان'!$F4=2,'طیف فازی'!$D$3,IF('امتیاز دهی خبرگان'!$F4=3,'طیف فازی'!$D$4,IF('امتیاز دهی خبرگان'!$F4=4,'طیف فازی'!$D$5,'طیف فازی'!$D$6))))) -> 1 | O4: =IF('امتیاز دهی خبرگان'!$G4=0,0,IF('امتیاز دهی خبرگان'!$G4=1,'طیف فازی'!$B$2,IF('امتیاز دهی خبرگان'!$G4=2,'طیف فازی'!$B$3,IF('امتیاز دهی خبرگان'!$G4=3,'طیف فازی'!$B$4,IF('امتیاز دهی خبرگان'!$G4=4,'طیف فازی'!$B$5,'طیف فازی'!$B$6))))) -> 0.75 | P4: =IF('امتیاز دهی خبرگان'!$G4=0,0,IF('امتیاز دهی خبرگان'!$G4=1,'طیف فازی'!$C$2,IF('امتیاز دهی خبرگان'!$G4=2,'طیف فازی'!$C$3,IF('امتیاز دهی خبرگان'!$G4=3,'طیف فازی'!$C$4,IF('امتیاز دهی خبرگان'!$G4=4,'طیف فازی'!$C$5,'طیف فازی'!$C$6))))) -> 1 | Q4: =IF('امتیاز دهی خبرگان'!$G4=0,0,IF('امتیاز دهی خبرگان'!$G4=1,'طیف فازی'!$D$2,IF('امتیاز دهی خبرگان'!$G4=2,'طیف فازی'!$D$3,IF('امتیاز دهی خبرگان'!$G4=3,'طیف فازی'!$D$4,IF('امتیاز دهی خبرگان'!$G4=4,'طیف فازی'!$D$5,'طیف فازی'!$D$6))))) -> 1 | R4: =IF('امتیاز دهی خبرگان'!$H4=0,0,IF('امتیاز دهی خبرگان'!$H4=1,'طیف فازی'!$B$2,IF('امتیاز دهی خبرگان'!$H4=2,'طیف فازی'!$B$3,IF('امتیاز دهی خبرگان'!$H4=3,'طیف فازی'!$B$4,IF('امتیاز دهی خبرگان'!$H4=4,'طیف فازی'!$B$5,'طیف فازی'!$B$6))))) -> 0.5 | S4: =IF('امتیاز دهی خبرگان'!$H4=0,0,IF('امتیاز دهی خبرگان'!$H4=1,'طیف فازی'!$C$2,IF('امتیاز دهی خبرگان'!$H4=2,'طیف فازی'!$C$3,IF('امتیاز دهی خبرگان'!$H4=3,'طیف فازی'!$C$4,IF('امتیاز دهی خبرگان'!$H4=4,'طیف فازی'!$C$5,'طیف فازی'!$C$6))))) -> 0.75 | T4: =IF('امتیاز دهی خبرگان'!$H4=0,0,IF('امتیاز دهی خبرگان'!$H4=1,'طیف فازی'!$D$2,IF('امتیاز دهی خبرگان'!$H4=2,'طیف فازی'!$D$3,IF('امتیاز دهی خبرگان'!$H4=3,'طیف فازی'!$D$4,IF('امتیاز دهی خبرگان'!$H4=4,'طیف فازی'!$D$5,'طیف فازی'!$D$6))))) -> 1 | U4: =IF('امتیاز دهی خبرگان'!$I4=0,0,IF('امتیاز دهی خبرگان'!$I4=1,'طیف فازی'!$B$2,IF('امتیاز دهی خبرگان'!$I4=2,'طیف فازی'!$B$3,IF('امتیاز دهی خبرگان'!$I4=3,'طیف فازی'!$B$4,IF('امتیاز دهی خبرگان'!$I4=4,'طیف فازی'!$B$5,'طیف فازی'!$B$6))))) -> 0.75 | V4: =IF('امتیاز دهی خبرگان'!$I4=0,0,IF('امتیاز دهی خبرگان'!$I4=1,'طیف فازی'!$C$2,IF('امتیاز دهی خبرگان'!$I4=2,'طیف فازی'!$C$3,IF('امتیاز دهی خبرگان'!$I4=3,'طیف فازی'!$C$4,IF('امتیاز دهی خبرگان'!$I4=4,'طیف فازی'!$C$5,'طیف فازی'!$C$6))))) -> 1 | W4: =IF('امتیاز دهی خبرگان'!$I4=0,0,IF('امتیاز دهی خبرگان'!$I4=1,'طیف فازی'!$D$2,IF('امتیاز دهی خبرگان'!$I4=2,'طیف فازی'!$D$3,IF('امتیاز دهی خبرگان'!$I4=3,'طیف فازی'!$D$4,IF('امتیاز دهی خبرگان'!$I4=4,'طیف فازی'!$D$5,'طیف فازی'!$D$6))))) -> 1 | X4: =IF('امتیاز دهی خبرگان'!$J4=0,0,IF('امتیاز دهی خبرگان'!$J4=1,'طیف فازی'!$B$2,IF('امتیاز دهی خبرگان'!$J4=2,'طیف فازی'!$B$3,IF('امتیاز دهی خبرگان'!$J4=3,'طیف فازی'!$B$4,IF('امتیاز دهی خبرگان'!$J4=4,'طیف فازی'!$B$5,'طیف فازی'!$B$6))))) -> 0.5 | Y4: =IF('امتیاز دهی خبرگان'!$J4=0,0,IF('امتیاز دهی خبرگان'!$J4=1,'طیف فازی'!$C$2,IF('امتیاز دهی خبرگان'!$J4=2,'طیف فازی'!$C$3,IF('امتیاز دهی خبرگان'!$J4=3,'طیف فازی'!$C$4,IF('امتیاز دهی خبرگان'!$J4=4,'طیف فازی'!$C$5,'طیف فازی'!$C$6))))) -> 0.75 | Z4: =IF('امتیاز دهی خبرگان'!$J4=0,0,IF('امتیاز دهی خبرگان'!$J4=1,'طیف فازی'!$D$2,IF('امتیاز دهی خبرگان'!$J4=2,'طیف فازی'!$D$3,IF('امتیاز دهی خبرگان'!$J4=3,'طیف فازی'!$D$4,IF('امتیاز دهی خبرگان'!$J4=4,'طیف فازی'!$D$5,'طیف فازی'!$D$6))))) -> 1 | AA4: =IF('امتیاز دهی خبرگان'!$K4=0,0,IF('امتیاز دهی خبرگان'!$K4=1,'طیف فازی'!$B$2,IF('امتیاز دهی خبرگان'!$K4=2,'طیف فازی'!$B$3,IF('امتیاز دهی خبرگان'!$K4=3,'طیف فازی'!$B$4,IF('امتیاز دهی خبرگان'!$K4=4,'طیف فازی'!$B$5,'طیف فازی'!$B$6))))) -> 0.25 | AB4: =IF('امتیاز دهی خبرگان'!$K4=0,0,IF('امتیاز دهی خبرگان'!$K4=1,'طیف فازی'!$C$2,IF('امتیاز دهی خبرگان'!$K4=2,'طیف فازی'!$C$3,IF('امتیاز دهی خبرگان'!$K4=3,'طیف فازی'!$C$4,IF('امتیاز دهی خبرگان'!$K4=4,'طیف فازی'!$C$5,'طیف فازی'!$C$6))))) -> 0.5 | AC4: =IF('امتیاز دهی خبرگان'!$K4=0,0,IF('امتیاز دهی خبرگان'!$K4=1,'طیف فازی'!$D$2,IF('امتیاز دهی خبرگان'!$K4=2,'طیف فازی'!$D$3,IF('امتیاز دهی خبرگان'!$K4=3,'طیف فازی'!$D$4,IF('امتیاز دهی خبرگان'!$K4=4,'طیف فازی'!$D$5,'طیف فازی'!$D$6))))) -> 0.75 | AD4: =IF('امتیاز دهی خبرگان'!$L4=0,0,IF('امتیاز دهی خبرگان'!$L4=1,'طیف فازی'!$B$2,IF('امتیاز دهی خبرگان'!$L4=2,'طیف فازی'!$B$3,IF('امتیاز دهی خبرگان'!$L4=3,'طیف فازی'!$B$4,IF('امتیاز دهی خبرگان'!$L4=4,'طیف فازی'!$B$5,'طیف فازی'!$B$6))))) -> 0.5 | AE4: =IF('امتیاز دهی خبرگان'!$L4=0,0,IF('امتیاز دهی خبرگان'!$L4=1,'طیف فازی'!$C$2,IF('امتیاز دهی خبرگان'!$L4=2,'طیف فازی'!$C$3,IF('امتیاز دهی خبرگان'!$L4=3,'طیف فازی'!$C$4,IF('امتیاز دهی خبرگان'!$L4=4,'طیف فازی'!$C$5,'طیف فازی'!$C$6))))) -> 0.75 | AF4: =IF('امتیاز دهی خبرگان'!$L4=0,0,IF('امتیاز دهی خبرگان'!$L4=1,'طیف فازی'!$D$2,IF('امتیاز دهی خبرگان'!$L4=2,'طیف فازی'!$D$3,IF('امتیاز دهی خبرگان'!$L4=3,'طیف فازی'!$D$4,IF('امتیاز دهی خبرگان'!$L4=4,'طیف فازی'!$D$5,'طیف فازی'!$D$6))))) -> 1 | AG4: =IF('امتیاز دهی خبرگان'!$M4=0,0,IF('امتیاز دهی خبرگان'!$M4=1,'طیف فازی'!$B$2,IF('امتیاز دهی خبرگان'!$M4=2,'طیف فازی'!$B$3,IF('امتیاز دهی خبرگان'!$M4=3,'طیف فازی'!$B$4,IF('امتیاز دهی خبرگان'!$M4=4,'طیف فازی'!$B$5,'طیف فازی'!$B$6))))) -> 0.5 | AH4: =IF('امتیاز دهی خبرگان'!$M4=0,0,IF('امتیاز دهی خبرگان'!$M4=1,'طیف فازی'!$C$2,IF('امتیاز دهی خبرگان'!$M4=2,'طیف فازی'!$C$3,IF('امتیاز دهی خبرگان'!$M4=3,'طیف فازی'!$C$4,IF('امتیاز دهی خبرگان'!$M4=4,'طیف فازی'!$C$5,'طیف فازی'!$C$6))))) -> 0.75 | AI4: =IF('امتیاز دهی خبرگان'!$M4=0,0,IF('امتیاز دهی خبرگان'!$M4=1,'طیف فازی'!$D$2,IF('امتیاز دهی خبرگان'!$M4=2,'طیف فازی'!$D$3,IF('امتیاز دهی خبرگان'!$M4=3,'طیف فازی'!$D$4,IF('امتیاز دهی خبرگان'!$M4=4,'طیف فازی'!$D$5,'طیف فازی'!$D$6))))) -> 1 | AJ4: =IF('امتیاز دهی خبرگان'!$N4=0,0,IF('امتیاز دهی خبرگان'!$N4=1,'طیف فازی'!$B$2,IF('امتیاز دهی خبرگان'!$N4=2,'طیف فازی'!$B$3,IF('امتیاز دهی خبرگان'!$N4=3,'طیف فازی'!$B$4,IF('امتیاز دهی خبرگان'!$N4=4,'طیف فازی'!$B$5,'طیف فازی'!$B$6))))) -> 0.5 | AK4: =IF('امتیاز دهی خبرگان'!$N4=0,0,IF('امتیاز دهی خبرگان'!$N4=1,'طیف فازی'!$C$2,IF('امتیاز دهی خبرگان'!$N4=2,'طیف فازی'!$C$3,IF('امتیاز دهی خبرگان'!$N4=3,'طیف فازی'!$C$4,IF('امتیاز دهی خبرگان'!$N4=4,'طیف فازی'!$C$5,'طیف فازی'!$C$6))))) -> 0.75 | AL4: =IF('امتیاز دهی خبرگان'!$N4=0,0,IF('امتیاز دهی خبرگان'!$N4=1,'طیف فازی'!$D$2,IF('امتیاز دهی خبرگان'!$N4=2,'طیف فازی'!$D$3,IF('امتیاز دهی خبرگان'!$N4=3,'طیف فازی'!$D$4,IF('امتیاز دهی خبرگان'!$N4=4,'طیف فازی'!$D$5,'طیف فازی'!$D$6))))) -> 1 | AM4: =C4+F4+I4+L4+O4+R4+U4+X4+AA4+AD4+AG4+AJ4 -> 6.5 | AN4: =D4+G4+J4+M4+P4+S4+V4+Y4+AB4+AE4+AH4+AK4 -> 9.5 | AO4: =E4+H4+K4+N4+Q4+T4+W4+Z4+AC4+AF4+AI4+AL4 -> 11.75 | AP4: =(AM4)/$AU$4 -> 0.54166667 | AQ4: =(AN4)/$AU$4 -> 0.79166667 | AR4: =(AO4)/$AU$4 -> 0.97916667 | AS4: =AVERAGE(AP4:AR4) -> 0.77083333 | AT4: =IF(AS4>=0.7,"Pass","Not Pass") -> Pass | AU4: ='امتیاز دهی خبرگان'!P3 -> 12
B5: 3 | C5: =IF('امتیاز دهی خبرگان'!$C5=0,0,IF('امتیاز دهی خبرگان'!$C5=1,'طیف فازی'!$B$2,IF('امتیاز دهی خبرگان'!$C5=2,'طیف فازی'!$B$3,IF('امتیاز دهی خبرگان'!$C5=3,'طیف فازی'!$B$4,IF('امتیاز دهی خبرگان'!$C5=4,'طیف فازی'!$B$5,'طیف فازی'!$B$6))))) -> 0.75 | D5: =IF('امتیاز دهی خبرگان'!$C5=0,0,IF('امتیاز دهی خبرگان'!$C5=1,'طیف فازی'!$C$2,IF('امتیاز دهی خبرگان'!$C5=2,'طیف فازی'!$C$3,IF('امتیاز دهی خبرگان'!$C5=3,'طیف فازی'!$C$4,IF('امتیاز دهی خبرگان'!$C5=4,'طیف فازی'!$C$5,'طیف فازی'!$C$6))))) -> 1 | E5: =IF('امتیاز دهی خبرگان'!$C5=0,0,IF('امتیاز دهی خبرگان'!$C5=1,'طیف فازی'!$D$2,IF('امتیاز دهی خبرگان'!$C5=2,'طیف فازی'!$D$3,IF('امتیاز دهی خبرگان'!$C5=3,'طیف فازی'!$D$4,IF('امتیاز دهی خبرگان'!$C5=4,'طیف فازی'!$D$5,'طیف فازی'!$D$6))))) -> 1 | F5: =IF('امتیاز دهی خبرگان'!$D5=0,0,IF('امتیاز دهی خبرگان'!$D5=1,'طیف فازی'!$B$2,IF('امتیاز دهی خبرگان'!$D5=2,'طیف فازی'!$B$3,IF('امتیاز دهی خبرگان'!$D5=3,'طیف فازی'!$B$4,IF('امتیاز دهی خبرگان'!$D5=4,'طیف فازی'!$B$5,'طیف فازی'!$B$6))))) -> 0.5 | G5: =IF('امتیاز دهی خبرگان'!$D5=0,0,IF('امتیاز دهی خبرگان'!$D5=1,'طیف فازی'!$D$2,IF('امتیاز دهی خبرگان'!$D5=2,'طیف فازی'!$C$3,IF('امتیاز دهی خبرگان'!$D5=3,'طیف فازی'!$C$4,IF('امتیاز دهی خبرگان'!$D5=4,'طیف فازی'!$C$5,'طیف فازی'!$C$6))))) -> 0.75 | H5: =IF('امتیاز دهی خبرگان'!$D5=0,0,IF('امتیاز دهی خبرگان'!$D5=1,'طیف فازی'!$D$2,IF('امتیاز دهی خبرگان'!$D5=2,'طیف فازی'!$D$3,IF('امتیاز دهی خبرگان'!$D5=3,'طیف فازی'!$D$4,IF('امتیاز دهی خبرگان'!$D5=4,'طیف فازی'!$D$5,'طیف فازی'!$D$6))))) -> 1 | I5: =IF('امتیاز دهی خبرگان'!$E5=0,0,IF('امتیاز دهی خبرگان'!$E5=1,'طیف فازی'!$B$2,IF('امتیاز دهی خبرگان'!$E5=2,'طیف فازی'!$B$3,IF('امتیاز دهی خبرگان'!$E5=3,'طیف فازی'!$B$4,IF('امتیاز دهی خبرگان'!$E5=4,'طیف فازی'!$B$5,'طیف فازی'!$B$6))))) -> 0.75 | J5: =IF('امتیاز دهی خبرگان'!$E5=0,0,IF('امتیاز دهی خبرگان'!$E5=1,'طیف فازی'!$C$2,IF('امتیاز دهی خبرگان'!$E5=2,'طیف فازی'!$C$3,IF('امتیاز دهی خبرگان'!$E5=3,'طیف فازی'!$C$4,IF('امتیاز دهی خبرگان'!$E5=4,'طیف فازی'!$C$5,'طیف فازی'!$C$6))))) -> 1 | K5: =IF('امتیاز دهی خبرگان'!$E5=0,0,IF('امتیاز دهی خبرگان'!$E5=1,'طیف فازی'!$D$2,IF('امتیاز دهی خبرگان'!$E5=2,'طیف فازی'!$D$3,IF('امتیاز دهی خبرگان'!$E5=3,'طیف فازی'!$D$4,IF('امتیاز دهی خبرگان'!$E5=4,'طیف فازی'!$D$5,'طیف فازی'!$D$6))))) -> 1 | L5: =IF('امتیاز دهی خبرگان'!$F5=0,0,IF('امتیاز دهی خبرگان'!$F5=1,'طیف فازی'!$B$2,IF('امتیاز دهی خبرگان'!$F5=2,'طیف فازی'!$B$3,IF('امتیاز دهی خبرگان'!$F5=3,'طیف فازی'!$B$4,IF('امتیاز دهی خبرگان'!$F5=4,'طیف فازی'!$B$5,'طیف فازی'!$B$6))))) -> 0.25 | M5: =IF('امتیاز دهی خبرگان'!$F5=0,0,IF('امتیاز دهی خبرگان'!$F5=1,'طیف فازی'!$C$2,IF('امتیاز دهی خبرگان'!$F5=2,'طیف فازی'!$C$3,IF('امتیاز دهی خبرگان'!$F5=3,'طیف فازی'!$C$4,IF('امتیاز دهی خبرگان'!$F5=4,'طیف فازی'!$C$5,'طیف فازی'!$C$6))))) -> 0.5 | N5: =IF('امتیاز دهی خبرگان'!$F5=0,0,IF('امتیاز دهی خبرگان'!$F5=1,'طیف فازی'!$D$2,IF('امتیاز دهی خبرگان'!$F5=2,'طیف فازی'!$D$3,IF('امتیاز دهی خبرگان'!$F5=3,'طیف فازی'!$D$4,IF('امتیاز دهی خبرگان'!$F5=4,'طیف فازی'!$D$5,'طیف فازی'!$D$6))))) -> 0.75 | O5: =IF('امتیاز دهی خبرگان'!$G5=0,0,IF('امتیاز دهی خبرگان'!$G5=1,'طیف فازی'!$B$2,IF('امتیاز دهی خبرگان'!$G5=2,'طیف فازی'!$B$3,IF('امتیاز دهی خبرگان'!$G5=3,'طیف فازی'!$B$4,IF('امتیاز دهی خبرگان'!$G5=4,'طیف فازی'!$B$5,'طیف فازی'!$B$6))))) -> 0.75 | P5: =IF('امتیاز دهی خبرگان'!$G5=0,0,IF('امتیاز دهی خبرگان'!$G5=1,'طیف فازی'!$C$2,IF('امتیاز دهی خبرگان'!$G5=2,'طیف فازی'!$C$3,IF('امتیاز دهی خبرگان'!$G5=3,'طیف فازی'!$C$4,IF('امتیاز دهی خبرگان'!$G5=4,'طیف فازی'!$C$5,'طیف فازی'!$C$6))))) -> 1 | Q5: =IF('امتیاز دهی خبرگان'!$G5=0,0,IF('امتیاز دهی خبرگان'!$G5=1,'طیف فازی'!$D$2,IF('امتیاز دهی خبرگان'!$G5=2,'طیف فازی'!$D$3,IF('امتیاز دهی خبرگان'!$G5=3,'طیف فازی'!$D$4,IF('امتیاز دهی خبرگان'!$G5=4,'طیف فازی'!$D$5,'طیف فازی'!$D$6))))) -> 1 | R5: =IF('امتیاز دهی خبرگان'!$H5=0,0,IF('امتیاز دهی خبرگان'!$H5=1,'طیف فازی'!$B$2,IF('امتیاز دهی خبرگان'!$H5=2,'طیف فازی'!$B$3,IF('امتیاز دهی خبرگان'!$H5=3,'طیف فازی'!$B$4,IF('امتیاز دهی خبرگان'!$H5=4,'طیف فازی'!$B$5,'طیف فازی'!$B$6))))) -> 0.25 | S5: =IF('امتیاز دهی خبرگان'!$H5=0,0,IF('امتیاز دهی خبرگان'!$H5=1,'طیف فازی'!$C$2,IF('امتیاز دهی خبرگان'!$H5=2,'طیف فازی'!$C$3,IF('امتیاز دهی خبرگان'!$H5=3,'طیف فازی'!$C$4,IF('امتیاز دهی خبرگان'!$H5=4,'طیف فازی'!$C$5,'طیف فازی'!$C$6))))) -> 0.5 | T5: =IF('امتیاز دهی خبرگان'!$H5=0,0,IF('امتیاز دهی خبرگان'!$H5=1,'طیف فازی'!$D$2,IF('امتیاز دهی خبرگان'!$H5=2,'طیف فازی'!$D$3,IF('امتیاز دهی خبرگان'!$H5=3,'طیف فازی'!$D$4,IF('امتیاز دهی خبرگان'!$H5=4,'طیف فازی'!$D$5,'طیف فازی'!$D$6))))) -> 0.75 | U5: =IF('امتیاز دهی خبرگان'!$I5=0,0,IF('امتیاز دهی خبرگان'!$I5=1,'طیف فازی'!$B$2,IF('امتیاز دهی خبرگان'!$I5=2,'طیف فازی'!$B$3,IF('امتیاز دهی خبرگان'!$I5=3,'طیف فازی'!$B$4,IF('امتیاز دهی خبرگان'!$I5=4,'طیف فازی'!$B$5,'طیف فازی'!$B$6))))) -> 0.75 | V5: =IF('امتیاز دهی خبرگان'!$I5=0,0,IF('امتیاز دهی خبرگان'!$I5=1,'طیف فازی'!$C$2,IF('امتیاز دهی خبرگان'!$I5=2,'طیف فازی'!$C$3,IF('امتیاز دهی خبرگان'!$I5=3,'طیف فازی'!$C$4,IF('امتیاز دهی خبرگان'!$I5=4,'طیف فازی'!$C$5,'طیف فازی'!$C$6))))) -> 1 | W5: =IF('امتیاز دهی خبرگان'!$I5=0,0,IF('امتیاز دهی خبرگان'!$I5=1,'طیف فازی'!$D$2,IF('امتیاز دهی خبرگان'!$I5=2,'طیف فازی'!$D$3,IF('امتیاز دهی خبرگان'!$I5=3,'طیف فازی'!$D$4,IF('امتیاز دهی خبرگان'!$I5=4,'طیف فازی'!$D$5,'طیف فازی'!$D$6))))) -> 1 | X5: =IF('امتیاز دهی خبرگان'!$J5=0,0,IF('امتیاز دهی خبرگان'!$J5=1,'طیف فازی'!$B$2,IF('امتیاز دهی خبرگان'!$J5=2,'طیف فازی'!$B$3,IF('امتیاز دهی خبرگان'!$J5=3,'طیف فازی'!$B$4,IF('امتیاز دهی خبرگان'!$J5=4,'طیف فازی'!$B$5,'طیف فازی'!$B$6))))) -> 0.75 | Y5: =IF('امتیاز دهی خبرگان'!$J5=0,0,IF('امتیاز دهی خبرگان'!$J5=1,'طیف فازی'!$C$2,IF('امتیاز دهی خبرگان'!$J5=2,'طیف فازی'!$C$3,IF('امتیاز دهی خبرگان'!$J5=3,'طیف فازی'!$C$4,IF('امتیاز دهی خبرگان'!$J5=4,'طیف فازی'!$C$5,'طیف فازی'!$C$6))))) -> 1 | Z5: =IF('امتیاز دهی خبرگان'!$J5=0,0,IF('امتیاز دهی خبرگان'!$J5=1,'طیف فازی'!$D$2,IF('امتیاز دهی خبرگان'!$J5=2,'طیف فازی'!$D$3,IF('امتیاز دهی خبرگان'!$J5=3,'طیف فازی'!$D$4,IF('امتیاز دهی خبرگان'!$J5=4,'طیف فازی'!$D$5,'طیف فازی'!$D$6))))) -> 1 | AA5: =IF('امتیاز دهی خبرگان'!$K5=0,0,IF('امتیاز دهی خبرگان'!$K5=1,'طیف فازی'!$B$2,IF('امتیاز دهی خبرگان'!$K5=2,'طیف فازی'!$B$3,IF('امتیاز دهی خبرگان'!$K5=3,'طیف فازی'!$B$4,IF('امتیاز دهی خبرگان'!$K5=4,'طیف فازی'!$B$5,'طیف فازی'!$B$6))))) -> 0.75 | AB5: =IF('امتیاز دهی خبرگان'!$K5=0,0,IF('امتیاز دهی خبرگان'!$K5=1,'طیف فازی'!$C$2,IF('امتیاز دهی خبرگان'!$K5=2,'طیف فازی'!$C$3,IF('امتیاز دهی خبرگان'!$K5=3,'طیف فازی'!$C$4,IF('امتیاز دهی خبرگان'!$K5=4,'طیف فازی'!$C$5,'طیف فازی'!$C$6))))) -> 1 | AC5: =IF('امتیاز دهی خبرگان'!$K5=0,0,IF('امتیاز دهی خبرگان'!$K5=1,'طیف فازی'!$D$2,IF('امتیاز دهی خبرگان'!$K5=2,'طیف فازی'!$D$3,IF('امتیاز دهی خبرگان'!$K5=3,'طیف فازی'!$D$4,IF('امتیاز دهی خبرگان'!$K5=4,'طیف فازی'!$D$5,'طیف فازی'!$D$6))))) -> 1 | AD5: =IF('امتیاز دهی خبرگان'!$L5=0,0,IF('امتیاز دهی خبرگان'!$L5=1,'طیف فازی'!$B$2,IF('امتیاز دهی خبرگان'!$L5=2,'طیف فازی'!$B$3,IF('امتیاز دهی خبرگان'!$L5=3,'طیف فازی'!$B$4,IF('امتیاز دهی خبرگان'!$L5=4,'طیف فازی'!$B$5,'طیف فازی'!$B$6))))) -> 0.75 | AE5: =IF('امتیاز دهی خبرگان'!$L5=0,0,IF('امتیاز دهی خبرگان'!$L5=1,'طیف فازی'!$C$2,IF('امتیاز دهی خبرگان'!$L5=2,'طیف فازی'!$C$3,IF('امتیاز دهی خبرگان'!$L5=3,'طیف فازی'!$C$4,IF('امتیاز دهی خبرگان'!$L5=4,'طیف فازی'!$C$5,'طیف فازی'!$C$6))))) -> 1 | AF5: =IF('امتیاز دهی خبرگان'!$L5=0,0,IF('امتیاز دهی خبرگان'!$L5=1,'طیف فازی'!$D$2,IF('امتیاز دهی خبرگان'!$L5=2,'طیف فازی'!$D$3,IF('امتیاز دهی خبرگان'!$L5=3,'طیف فازی'!$D$4,IF('امتیاز دهی خبرگان'!$L5=4,'طیف فازی'!$D$5,'طیف فازی'!$D$6))))) -> 1 | AG5: =IF('امتیاز دهی خبرگان'!$M5=0,0,IF('امتیاز دهی خبرگان'!$M5=1,'طیف فازی'!$B$2,IF('امتیاز دهی خبرگان'!$M5=2,'طیف فازی'!$B$3,IF('امتیاز دهی خبرگان'!$M5=3,'طیف فازی'!$B$4,IF('امتیاز دهی خبرگان'!$M5=4,'طیف فازی'!$B$5,'طیف فازی'!$B$6))))) -> 0.75 | AH5: =IF('امتیاز دهی خبرگان'!$M5=0,0,IF('امتیاز دهی خبرگان'!$M5=1,'طیف فازی'!$C$2,IF('امتیاز دهی خبرگان'!$M5=2,'طیف فازی'!$C$3,IF('امتیاز دهی خبرگان'!$M5=3,'طیف فازی'!$C$4,IF('امتیاز دهی خبرگان'!$M5=4,'طیف فازی'!$C$5,'طیف فازی'!$C$6))))) -> 1 | AI5: =IF('امتیاز دهی خبرگان'!$M5=0,0,IF('امتیاز دهی خبرگان'!$M5=1,'طیف فازی'!$D$2,IF('امتیاز دهی خبرگان'!$M5=2,'طیف فازی'!$D$3,IF('امتیاز دهی خبرگان'!$M5=3,'طیف فازی'!$D$4,IF('امتیاز دهی خبرگان'!$M5=4,'طیف فازی'!$D$5,'طیف فازی'!$D$6))))) -> 1 | AJ5: =IF('امتیاز دهی خبرگان'!$N5=0,0,IF('امتیاز دهی خبرگان'!$N5=1,'طیف فازی'!$B$2,IF('امتیاز دهی خبرگان'!$N5=2,'طیف فازی'!$B$3,IF('امتیاز دهی خبرگان'!$N5=3,'طیف فازی'!$B$4,IF('امتیاز دهی خبرگان'!$N5=4,'طیف فازی'!$B$5,'طیف فازی'!$B$6))))) -> 0.75 | AK5: =IF('امتیاز دهی خبرگان'!$N5=0,0,IF('امتیاز دهی خبرگان'!$N5=1,'طیف فازی'!$C$2,IF('امتیاز دهی خبرگان'!$N5=2,'طیف فازی'!$C$3,IF('امتیاز دهی خبرگان'!$N5=3,'طیف فازی'!$C$4,IF('امتیاز دهی خبرگان'!$N5=4,'طیف فازی'!$C$5,'طیف فازی'!$C$6))))) -> 1 | AL5: =IF('امتیاز دهی خبرگان'!$N5=0,0,IF('امتیاز دهی خبرگان'!$N5=1,'طیف فازی'!$D$2,IF('امتیاز دهی خبرگان'!$N5=2,'طیف فازی'!$D$3,IF('امتیاز دهی خبرگان'!$N5=3,'طیف فازی'!$D$4,IF('امتیاز دهی خبرگان'!$N5=4,'طیف فازی'!$D$5,'طیف فازی'!$D$6))))) -> 1 | AM5: =C5+F5+I5+L5+O5+R5+U5+X5+AA5+AD5+AG5+AJ5 -> 7.75 | AN5: =D5+G5+J5+M5+P5+S5+V5+Y5+AB5+AE5+AH5+AK5 -> 10.75 | AO5: =E5+H5+K5+N5+Q5+T5+W5+Z5+AC5+AF5+AI5+AL5 -> 11.5 | AP5: =(AM5)/$AU$4 -> 0.64583333 | AQ5: =(AN5)/$AU$4 -> 0.89583333 | AR5: =(AO5)/$AU$4 -> 0.95833333 | AS5: =AVERAGE(AP5:AR5) -> 0.83333333 | AT5: =IF(AS5>=0.7,"Pass","Not Pass") -> Pass
B6: 4 | C6: =IF('امتیاز دهی خبرگان'!$C6=0,0,IF('امتیاز دهی خبرگان'!$C6=1,'طیف فازی'!$B$2,IF('امتیاز دهی خبرگان'!$C6=2,'طیف فازی'!$B$3,IF('امتیاز دهی خبرگان'!$C6=3,'طیف فازی'!$B$4,IF('امتیاز دهی خبرگان'!$C6=4,'طیف فازی'!$B$5,'طیف فازی'!$B$6))))) -> 0.5 | D6: =IF('امتیاز دهی خبرگان'!$C6=0,0,IF('امتیاز دهی خبرگان'!$C6=1,'طیف فازی'!$C$2,IF('امتیاز دهی خبرگان'!$C6=2,'طیف فازی'!$C$3,IF('امتیاز دهی خبرگان'!$C6=3,'طیف فازی'!$C$4,IF('امتیاز دهی خبرگان'!$C6=4,'طیف فازی'!$C$5,'طیف فازی'!$C$6))))) -> 0.75 | E6: =IF('امتیاز دهی خبرگان'!$C6=0,0,IF('امتیاز دهی خبرگان'!$C6=1,'طیف فازی'!$D$2,IF('امتیاز دهی خبرگان'!$C6=2,'طیف فازی'!$D$3,IF('امتیاز دهی خبرگان'!$C6=3,'طیف فازی'!$D$4,IF('امتیاز دهی خبرگان'!$C6=4,'طیف فازی'!$D$5,'طیف فازی'!$D$6))))) -> 1 | F6: =IF('امتیاز دهی خبرگان'!$D6=0,0,IF('امتیاز دهی خبرگان'!$D6=1,'طیف فازی'!$B$2,IF('امتیاز دهی خبرگان'!$D6=2,'طیف فازی'!$B$3,IF('امتیاز دهی خبرگان'!$D6=3,'طیف فازی'!$B$4,IF('امتیاز دهی خبرگان'!$D6=4,'طیف فازی'!$B$5,'طیف فازی'!$B$6))))) -> 0.5 | G6: =IF('امتیاز دهی خبرگان'!$D6=0,0,IF('امتیاز دهی خبرگان'!$D6=1,'طیف فازی'!$D$2,IF('امتیاز دهی خبرگان'!$D6=2,'طیف فازی'!$C$3,IF('امتیاز دهی خبرگان'!$D6=3,'طیف فازی'!$C$4,IF('امتیاز دهی خبرگان'!$D6=4,'طیف فازی'!$C$5,'طیف فازی'!$C$6))))) -> 0.75 | H6: =IF('امتیاز دهی خبرگان'!$D6=0,0,IF('امتیاز دهی خبرگان'!$D6=1,'طیف فازی'!$D$2,IF('امتیاز دهی خبرگان'!$D6=2,'طیف فازی'!$D$3,IF('امتیاز دهی خبرگان'!$D6=3,'طیف فازی'!$D$4,IF('امتیاز دهی خبرگان'!$D6=4,'طیف فازی'!$D$5,'طیف فازی'!$D$6))))) -> 1 | I6: =IF('امتیاز دهی خبرگان'!$E6=0,0,IF('امتیاز دهی خبرگان'!$E6=1,'طیف فازی'!$B$2,IF('امتیاز دهی خبرگان'!$E6=2,'طیف فازی'!$B$3,IF('امتیاز دهی خبرگان'!$E6=3,'طیف فازی'!$B$4,IF('امتیاز دهی خبرگان'!$E6=4,'طیف فازی'!$B$5,'طیف فازی'!$B$6))))) -> 0.5 | J6: =IF('امتیاز دهی خبرگان'!$E6=0,0,IF('امتیاز دهی خبرگان'!$E6=1,'طیف فازی'!$C$2,IF('امتیاز دهی خبرگان'!$E6=2,'طیف فازی'!$C$3,IF('امتیاز دهی خبرگان'!$E6=3,'طیف فازی'!$C$4,IF('امتیاز دهی خبرگان'!$E6=4,'طیف فازی'!$C$5,'طیف فازی'!$C$6))))) -> 0.75 | K6: =IF('امتیاز دهی خبرگان'!$E6=0,0,IF('امتیاز دهی خبرگان'!$E6=1,'طیف فازی'!$D$2,IF('امتیاز دهی خبرگان'!$E6=2,'طیف فازی'!$D$3,IF('امتیاز دهی خبرگان'!$E6=3,'طیف فازی'!$D$4,IF('امتیاز دهی خبرگان'!$E6=4,'طیف فازی'!$D$5,'طیف فازی'!$D$6))))) -> 1 | L6: =IF('امتیاز دهی خبرگان'!$F6=0,0,IF('امتیاز دهی خبرگان'!$F6=1,'طیف فازی'!$B$2,IF('امتیاز دهی خبرگان'!$F6=2,'طیف فازی'!$B$3,IF('امتیاز دهی خبرگان'!$F6=3,'طیف فازی'!$B$4,IF('امتیاز دهی خبرگان'!$F6=4,'طیف فازی'!$B$5,'طیف فازی'!$B$6))))) -> 0.25 | M6: =IF('امتیاز دهی خبرگان'!$F6=0,0,IF('امتیاز دهی خبرگان'!$F6=1,'طیف فازی'!$C$2,IF('امتیاز دهی خبرگان'!$F6=2,'طیف فازی'!$C$3,IF('امتیاز دهی خبرگان'!$F6=3,'طیف فازی'!$C$4,IF('امتیاز دهی خبرگان'!$F6=4,'طیف فازی'!$C$5,'طیف فازی'!$C$6))))) -> 0.5 | N6: =IF('امتیاز دهی خبرگان'!$F6=0,0,IF('امتیاز دهی خبرگان'!$F6=1,'طیف فازی'!$D$2,IF('امتیاز دهی خبرگان'!$F6=2,'طیف فازی'!$D$3,IF('امتیاز دهی خبرگان'!$F6=3,'طیف فازی'!$D$4,IF('امتیاز دهی خبرگان'!$F6=4,'طیف فازی'!$D$5,'طیف فازی'!$D$6))))) -> 0.75 | O6: =IF('امتیاز دهی خبرگان'!$G6=0,0,IF('امتیاز دهی خبرگان'!$G6=1,'طیف فازی'!$B$2,IF('امتیاز دهی خبرگان'!$G6=2,'طیف فازی'!$B$3,IF('امتیاز دهی خبرگان'!$G6=3,'طیف فازی'!$B$4,IF('امتیاز دهی خبرگان'!$G6=4,'طیف فازی'!$B$5,'طیف فازی'!$B$6))))) -> 0.5 | P6: =IF('امتیاز دهی خبرگان'!$G6=0,0,IF('امتیاز دهی خبرگان'!$G6=1,'طیف فازی'!$C$2,IF('امتیاز دهی خبرگان'!$G6=2,'طیف فازی'!$C$3,IF('امتیاز دهی خبرگان'!$G6=3,'طیف فازی'!$C$4,IF('امتیاز دهی خبرگان'!$G6=4,'طیف فازی'!$C$5,'طیف فازی'!$C$6))))) -> 0.75 | Q6: =IF('امتیاز دهی خبرگان'!$G6=0,0,IF('امتیاز دهی خبرگان'!$G6=1,'طیف فازی'!$D$2,IF('امتیاز دهی خبرگان'!$G6=2,'طیف فازی'!$D$3,IF('امتیاز دهی خبرگان'!$G6=3,'طیف فازی'!$D$4,IF('امتیاز دهی خبرگان'!$G6=4,'طیف فازی'!$D$5,'طیف فازی'!$D$6))))) -> 1 | R6: =IF('امتیاز دهی خبرگان'!$H6=0,0,IF('امتیاز دهی خبرگان'!$H6=1,'طیف فازی'!$B$2,IF('امتیاز دهی خبرگان'!$H6=2,'طیف فازی'!$B$3,IF('امتیاز دهی خبرگان'!$H6=3,'طیف فازی'!$B$4,IF('امتیاز دهی خبرگان'!$H6=4,'طیف فازی'!$B$5,'طیف فازی'!$B$6))))) -> 0.75 | S6: =IF('امتیاز دهی خبرگان'!$H6=0,0,IF('امتیاز دهی خبرگان'!$H6=1,'طیف فازی'!$C$2,IF('امتیاز دهی خبرگان'!$H6=2,'طیف فازی'!$C$3,IF('امتیاز دهی خبرگان'!$H6=3,'طیف فازی'!$C$4,IF('امتیاز دهی خبرگان'!$H6=4,'طیف فازی'!$C$5,'طیف فازی'!$C$6))))) -> 1 | T6: =IF('امتیاز دهی خبرگان'!$H6=0,0,IF('امتیاز دهی خبرگان'!$H6=1,'طیف فازی'!$D$2,IF('امتیاز دهی خبرگان'!$H6=2,'طیف فازی'!$D$3,IF('امتیاز دهی خبرگان'!$H6=3,'طیف فازی'!$D$4,IF('امتیاز دهی خبرگان'!$H6=4,'طیف فازی'!$D$5,'طیف فازی'!$D$6))))) -> 1 | U6: =IF('امتیاز دهی خبرگان'!$I6=0,0,IF('امتیاز دهی خبرگان'!$I6=1,'طیف فازی'!$B$2,IF('امتیاز دهی خبرگان'!$I6=2,'طیف فازی'!$B$3,IF('امتیاز دهی خبرگان'!$I6=3,'طیف فازی'!$B$4,IF('امتیاز دهی خبرگان'!$I6=4,'طیف فازی'!$B$5,'طیف فازی'!$B$6))))) -> 0.25 | V6: =IF('امتیاز دهی خبرگان'!$I6=0,0,IF('امتیاز دهی خبرگان'!$I6=1,'طیف فازی'!$C$2,IF('امتیاز دهی خبرگان'!$I6=2,'طیف فازی'!$C$3,IF('امتیاز دهی خبرگان'!$I6=3,'طیف فازی'!$C$4,IF('امتیاز دهی خبرگان'!$I6=4,'طیف فازی'!$C$5,'طیف فازی'!$C$6))))) -> 0.5 | W6: =IF('امتیاز دهی خبرگان'!$I6=0,0,IF('امتیاز دهی خبرگان'!$I6=1,'طیف فازی'!$D$2,IF('امتیاز دهی خبرگان'!$I6=2,'طیف فازی'!$D$3,IF('امتیاز دهی خبرگان'!$I6=3,'طیف فازی'!$D$4,IF('امتیاز دهی خبرگان'!$I6=4,'طیف فازی'!$D$5,'طیف فازی'!$D$6))))) -> 0.75 | X6: =IF('امتیاز دهی خبرگان'!$J6=0,0,IF('امتیاز دهی خبرگان'!$J6=1,'طیف فازی'!$B$2,IF('امتیاز دهی خبرگان'!$J6=2,'طیف فازی'!$B$3,IF('امتیاز دهی خبرگان'!$J6=3,'طیف فازی'!$B$4,IF('امتیاز دهی خبرگان'!$J6=4,'طیف فازی'!$B$5,'طیف فازی'!$B$6))))) -> 0.5 | Y6: =IF('امتیاز دهی خبرگان'!$J6=0,0,IF('امتیاز دهی خبرگان'!$J6=1,'طیف فازی'!$C$2,IF('امتیاز دهی خبرگان'!$J6=2,'طیف فازی'!$C$3,IF('امتیاز دهی خبرگان'!$J6=3,'طیف فازی'!$C$4,IF('امتیاز دهی خبرگان'!$J6=4,'طیف فازی'!$C$5,'طیف فازی'!$C$6))))) -> 0.75 | Z6: =IF('امتیاز دهی خبرگان'!$J6=0,0,IF('امتیاز دهی خبرگان'!$J6=1,'طیف فازی'!$D$2,IF('امتیاز دهی خبرگان'!$J6=2,'طیف فازی'!$D$3,IF('امتیاز دهی خبرگان'!$J6=3,'طیف فازی'!$D$4,IF('امتیاز دهی خبرگان'!$J6=4,'طیف فازی'!$D$5,'طیف فازی'!$D$6))))) -> 1 | AA6: =IF('امتیاز دهی خبرگان'!$K6=0,0,IF('امتیاز دهی خبرگان'!$K6=1,'طیف فازی'!$B$2,IF('امتیاز دهی خبرگان'!$K6=2,'طیف فازی'!$B$3,IF('امتیاز دهی خبرگان'!$K6=3,'طیف فازی'!$B$4,IF('امتیاز دهی خبرگان'!$K6=4,'طیف فازی'!$B$5,'طیف فازی'!$B$6))))) -> 0.75 | AB6: =IF('امتیاز دهی خبرگان'!$K6=0,0,IF('امتیاز دهی خبرگان'!$K6=1,'طیف فازی'!$C$2,IF('امتیاز دهی خبرگان'!$K6=2,'طیف فازی'!$C$3,IF('امتیاز دهی خبرگان'!$K6=3,'طیف فازی'!$C$4,IF('امتیاز دهی خبرگان'!$K6=4,'طیف فازی'!$C$5,'طیف فازی'!$C$6))))) -> 1 | AC6: =IF('امتیاز دهی خبرگان'!$K6=0,0,IF('امتیاز دهی خبرگان'!$K6=1,'طیف فازی'!$D$2,IF('امتیاز دهی خبرگان'!$K6=2,'طیف فازی'!$D$3,IF('امتیاز دهی خبرگان'!$K6=3,'طیف فازی'!$D$4,IF('امتیاز دهی خبرگان'!$K6=4,'طیف فازی'!$D$5,'طیف فازی'!$D$6))))) -> 1 | AD6: =IF('امتیاز دهی خبرگان'!$L6=0,0,IF('امتیاز دهی خبرگان'!$L6=1,'طیف فازی'!$B$2,IF('امتیاز دهی خبرگان'!$L6=2,'طیف فازی'!$B$3,IF('امتیاز دهی خبرگان'!$L6=3,'طیف فازی'!$B$4,IF('امتیاز دهی خبرگان'!$L6=4,'طیف فازی'!$B$5,'طیف فازی'!$B$6))))) -> 0.75 | AE6: =IF('امتیاز دهی خبرگان'!$L6=0,0,IF('امتیاز دهی خبرگان'!$L6=1,'طیف فازی'!$C$2,IF('امتیاز دهی خبرگان'!$L6=2,'طیف فازی'!$C$3,IF('امتیاز دهی خبرگان'!$L6=3,'طیف فازی'!$C$4,IF('امتیاز دهی خبرگان'!$L6=4,'طیف فازی'!$C$5,'طیف فازی'!$C$6))))) -> 1 | AF6: =IF('امتیاز دهی خبرگان'!$L6=0,0,IF('امتیاز دهی خبرگان'!$L6=1,'طیف فازی'!$D$2,IF('امتیاز دهی خبرگان'!$L6=2,'طیف فازی'!$D$3,IF('امتیاز دهی خبرگان'!$L6=3,'طیف فازی'!$D$4,IF('امتیاز دهی خبرگان'!$L6=4,'طیف فازی'!$D$5,'طیف فازی'!$D$6))))) -> 1 | AG6: =IF('امتیاز دهی خبرگان'!$M6=0,0,IF('امتیاز دهی خبرگان'!$M6=1,'طیف فازی'!$B$2,IF('امتیاز دهی خبرگان'!$M6=2,'طیف فازی'!$B$3,IF('امتیاز دهی خبرگان'!$M6=3,'طیف فازی'!$B$4,IF('امتیاز دهی خبرگان'!$M6=4,'طیف فازی'!$B$5,'طیف فازی'!$B$6))))) -> 0.5 | AH6: =IF('امتیاز دهی خبرگان'!$M6=0,0,IF('امتیاز دهی خبرگان'!$M6=1,'طیف فازی'!$C$2,IF('امتیاز دهی خبرگان'!$M6=2,'طیف فازی'!$C$3,IF('امتیاز دهی خبرگان'!$M6=3,'طیف فازی'!$C$4,IF('امتیاز دهی خبرگان'!$M6=4,'طیف فازی'!$C$5,'طیف فازی'!$C$6))))) -> 0.75 | AI6: =IF('امتیاز دهی خبرگان'!$M6=0,0,IF('امتیاز دهی خبرگان'!$M6=1,'طیف فازی'!$D$2,IF('امتیاز دهی خبرگان'!$M6=2,'طیف فازی'!$D$3,IF('امتیاز دهی خبرگان'!$M6=3,'طیف فازی'!$D$4,IF('امتیاز دهی خبرگان'!$M6=4,'طیف فازی'!$D$5,'طیف فازی'!$D$6))))) -> 1 | AJ6: =IF('امتیاز دهی خبرگان'!$N6=0,0,IF('امتیاز دهی خبرگان'!$N6=1,'طیف فازی'!$B$2,IF('امتیاز دهی خبرگان'!$N6=2,'طیف فازی'!$B$3,IF('امتیاز دهی خبرگان'!$N6=3,'طیف فازی'!$B$4,IF('امتیاز دهی خبرگان'!$N6=4,'طیف فازی'!$B$5,'طیف فازی'!$B$6))))) -> 0.5 | AK6: =IF('امتیاز دهی خبرگان'!$N6=0,0,IF('امتیاز دهی خبرگان'!$N6=1,'طیف فازی'!$C$2,IF('امتیاز دهی خبرگان'!$N6=2,'طیف فازی'!$C$3,IF('امتیاز دهی خبرگان'!$N6=3,'طیف فازی'!$C$4,IF('امتیاز دهی خبرگان'!$N6=4,'طیف فازی'!$C$5,'طیف فازی'!$C$6))))) -> 0.75 | AL6: =IF('امتیاز دهی خبرگان'!$N6=0,0,IF('امتیاز دهی خبرگان'!$N6=1,'طیف فازی'!$D$2,IF('امتیاز دهی خبرگان'!$N6=2,'طیف فازی'!$D$3,IF('امتیاز دهی خبرگان'!$N6=3,'طیف فازی'!$D$4,IF('امتیاز دهی خبرگان'!$N6=4,'طیف فازی'!$D$5,'طیف فازی'!$D$6))))) -> 1 | AM6: =C6+F6+I6+L6+O6+R6+U6+X6+AA6+AD6+AG6+AJ6 -> 6.25 | AN6: =D6+G6+J6+M6+P6+S6+V6+Y6+AB6+AE6+AH6+AK6 -> 9.25 | AO6: =E6+H6+K6+N6+Q6+T6+W6+Z6+AC6+AF6+AI6+AL6 -> 11.5 | AP6: =(AM6)/$AU$4 -> 0.52083333 | AQ6: =(AN6)/$AU$4 -> 0.77083333 | AR6: =(AO6)/$AU$4 -> 0.95833333 | AS6: =AVERAGE(AP6:AR6) -> 0.75 | AT6: =IF(AS6>=0.7,"Pass","Not Pass") -> Pass
B7: 5 | C7: =IF('امتیاز دهی خبرگان'!$C7=0,0,IF('امتیاز دهی خبرگان'!$C7=1,'طیف فازی'!$B$2,IF('امتیاز دهی خبرگان'!$C7=2,'طیف فازی'!$B$3,IF('امتیاز دهی خبرگان'!$C7=3,'طیف فازی'!$B$4,IF('امتیاز دهی خبرگان'!$C7=4,'طیف فازی'!$B$5,'طیف فازی'!$B$6))))) -> 0.75 | D7: =IF('امتیاز دهی خبرگان'!$C7=0,0,IF('امتیاز دهی خبرگان'!$C7=1,'طیف فازی'!$C$2,IF('امتیاز دهی خبرگان'!$C7=2,'طیف فازی'!$C$3,IF('امتیاز دهی خبرگان'!$C7=3,'طیف فازی'!$C$4,IF('امتیاز دهی خبرگان'!$C7=4,'طیف فازی'!$C$5,'طیف فازی'!$C$6))))) -> 1 | E7: =IF('امتیاز دهی خبرگان'!$C7=0,0,IF('امتیاز دهی خبرگان'!$C7=1,'طیف فازی'!$D$2,IF('امتیاز دهی خبرگان'!$C7=2,'طیف فازی'!$D$3,IF('امتیاز دهی خبرگان'!$C7=3,'طیف فازی'!$D$4,IF('امتیاز دهی خبرگان'!$C7=4,'طیف فازی'!$D$5,'طیف فازی'!$D$6))))) -> 1 | F7: =IF('امتیاز دهی خبرگان'!$D7=0,0,IF('امتیاز دهی خبرگان'!$D7=1,'طیف فازی'!$B$2,IF('امتیاز دهی خبرگان'!$D7=2,'طیف فازی'!$B$3,IF('امتیاز دهی خبرگان'!$D7=3,'طیف فازی'!$B$4,IF('امتیاز دهی خبرگان'!$D7=4,'طیف فازی'!$B$5,'طیف فازی'!$B$6))))) -> 0 | G7: =IF('امتیاز دهی خبرگان'!$D7=0,0,IF('امتیاز دهی خبرگان'!$D7=1,'طیف فازی'!$D$2,IF('امتیاز دهی خبرگان'!$D7=2,'طیف فازی'!$C$3,IF('امتیاز دهی خبرگان'!$D7=3,'طیف فازی'!$C$4,IF('امتیاز دهی خبرگان'!$D7=4,'طیف فازی'!$C$5,'طیف فازی'!$C$6))))) -> 0.25 | H7: =IF('امتیاز دهی خبرگان'!$D7=0,0,IF('امتیاز دهی خبرگان'!$D7=1,'طیف فازی'!$D$2,IF('امتیاز دهی خبرگان'!$D7=2,'طیف فازی'!$D$3,IF('امتیاز دهی خبرگان'!$D7=3,'طیف فازی'!$D$4,IF('امتیاز دهی خبرگان'!$D7=4,'طیف فازی'!$D$5,'طیف فازی'!$D$6))))) -> 0.5 | I7: =IF('امتیاز دهی خبرگان'!$E7=0,0,IF('امتیاز دهی خبرگان'!$E7=1,'طیف فازی'!$B$2,IF('امتیاز دهی خبرگان'!$E7=2,'طیف فازی'!$B$3,IF('امتیاز دهی خبرگان'!$E7=3,'طیف فازی'!$B$4,IF('امتیاز دهی خبرگان'!$E7=4,'طیف فازی'!$B$5,'طیف فازی'!$B$6))))) -> 0.25 | J7: =IF('امتیاز دهی خبرگان'!$E7=0,0,IF('امتیاز دهی خبرگان'!$E7=1,'طیف فازی'!$C$2,IF('امتیاز دهی خبرگان'!$E7=2,'طیف فازی'!$C$3,IF('امتیاز دهی خبرگان'!$E7=3,'طیف فازی'!$C$4,IF('امتیاز دهی خبرگان'!$E7=4,'طیف فازی'!$C$5,'طیف فازی'!$C$6))))) -> 0.5 | K7: =IF('امتیاز دهی خبرگان'!$E7=0,0,IF('امتیاز دهی خبرگان'!$E7=1,'طیف فازی'!$D$2,IF('امتیاز دهی خبرگان'!$E7=2,'طیف فازی'!$D$3,IF('امتیاز دهی خبرگان'!$E7=3,'طیف فازی'!$D$4,IF('امتیاز دهی خبرگان'!$E7=4,'طیف فازی'!$D$5,'طیف فازی'!$D$6))))) -> 0.75 | L7: =IF('امتیاز دهی خبرگان'!$F7=0,0,IF('امتیاز دهی خبرگان'!$F7=1,'طیف فازی'!$B$2,IF('امتیاز دهی خبرگان'!$F7=2,'طیف فازی'!$B$3,IF('امتیاز دهی خبرگان'!$F7=3,'طیف فازی'!$B$4,IF('امتیاز دهی خبرگان'!$F7=4,'طیف فازی'!$B$5,'طیف فازی'!$B$6))))) -> 0.75 | M7: =IF('امتیاز دهی خبرگان'!$F7=0,0,IF('امتیاز دهی خبرگان'!$F7=1,'طیف فازی'!$C$2,IF('امتیاز دهی خبرگان'!$F7=2,'طیف فازی'!$C$3,IF('امتیاز دهی خبرگان'!$F7=3,'طیف فازی'!$C$4,IF('امتیاز دهی خبرگان'!$F7=4,'طیف فازی'!$C$5,'طیف فازی'!$C$6))))) -> 1 | N7: =IF('امتیاز دهی خبرگان'!$F7=0,0,IF('امتیاز دهی خبرگان'!$F7=1,'طیف فازی'!$D$2,IF('امتیاز دهی خبرگان'!$F7=2,'طیف فازی'!$D$3,IF('امتیاز دهی خبرگان'!$F7=3,'طیف فازی'!$D$4,IF('امتیاز دهی خبرگان'!$F7=4,'طیف فازی'!$D$5,'طیف فازی'!$D$6))))) -> 1 | O7: =IF('امتیاز دهی خبرگان'!$G7=0,0,IF('امتیاز دهی خبرگان'!$G7=1,'طیف فازی'!$B$2,IF('امتیاز دهی خبرگان'!$G7=2,'طیف فازی'!$B$3,IF('امتیاز دهی خبرگان'!$G7=3,'طیف فازی'!$B$4,IF('امتیاز دهی خبرگان'!$G7=4,'طیف فازی'!$B$5,'طیف فازی'!$B$6))))) -> 0.75 | P7: =IF('امتیاز دهی خبرگان'!$G7=0,0,IF('امتیاز دهی خبرگان'!$G7=1,'طیف فازی'!$C$2,IF('امتیاز دهی خبرگان'!$G7=2,'طیف فازی'!$C$3,IF('امتیاز دهی خبرگان'!$G7=3,'طیف فازی'!$C$4,IF('امتیاز دهی خبرگان'!$G7=4,'طیف فازی'!$C$5,'طیف فازی'!$C$6))))) -> 1 | Q7: =IF('امتیاز دهی خبرگان'!$G7=0,0,IF('امتیاز دهی خبرگان'!$G7=1,'طیف فازی'!$D$2,IF('امتیاز دهی خبرگان'!$G7=2,'طیف فازی'!$D$3,IF('امتیاز دهی خبرگان'!$G7=3,'طیف فازی'!$D$4,IF('امتیاز دهی خبرگان'!$G7=4,'طیف فازی'!$D$5,'طیف فازی'!$D$6))))) -> 1 | R7: =IF('امتیاز دهی خبرگان'!$H7=0,0,IF('امتیاز دهی خبرگان'!$H7=1,'طیف فازی'!$B$2,IF('امتیاز دهی خبرگان'!$H7=2,'طیف فازی'!$B$3,IF('امتیاز دهی خبرگان'!$H7=3,'طیف فازی'!$B$4,IF('امتیاز دهی خبرگان'!$H7=4,'طیف فازی'!$B$5,'طیف فازی'!$B$6))))) -> 0.5 | S7: =IF('امتیاز دهی خبرگان'!$H7=0,0,IF('امتیاز دهی خبرگان'!$H7=1,'طیف فازی'!$C$2,IF('امتیاز دهی خبرگان'!$H7=2,'طیف فازی'!$C$3,IF('امتیاز دهی خبرگان'!$H7=3,'طیف فازی'!$C$4,IF('امتیاز دهی خبرگان'!$H7=4,'طیف فازی'!$C$5,'طیف فازی'!$C$6))))) -> 0.75 | T7: =IF('امتیاز دهی خبرگان'!$H7=0,0,IF('امتیاز دهی خبرگان'!$H7=1,'طیف فازی'!$D$2,IF('امتیاز دهی خبرگان'!$H7=2,'طیف فازی'!$D$3,IF('امتیاز دهی خبرگان'!$H7=3,'طیف فازی'!$D$4,IF('امتیاز دهی خبرگان'!$H7=4,'طیف فازی'!$D$5,'طیف فازی'!$D$6))))) -> 1 | U7: =IF('امتیاز دهی خبرگان'!$I7=0,0,IF('امتیاز دهی خبرگان'!$I7=1,'طیف فازی'!$B$2,IF('امتیاز دهی خبرگان'!$I7=2,'طیف فازی'!$B$3,IF('امتیاز دهی خبرگان'!$I7=3,'طیف فازی'!$B$4,IF('امتیاز دهی خبرگان'!$I7=4,'طیف فازی'!$B$5,'طیف فازی'!$B$6))))) -> 0.75 | V7: =IF('امتیاز دهی خبرگان'!$I7=0,0,IF('امتیاز دهی خبرگان'!$I7=1,'طیف فازی'!$C$2,IF('امتیاز دهی خبرگان'!$I7=2,'طیف فازی'!$C$3,IF('امتیاز دهی خبرگان'!$I7=3,'طیف فازی'!$C$4,IF('امتیاز دهی خبرگان'!$I7=4,'طیف فازی'!$C$5,'طیف فازی'!$C$6))))) -> 1 | W7: =IF('امتیاز دهی خبرگان'!$I7=0,0,IF('امتیاز دهی خبرگان'!$I7=1,'طیف فازی'!$D$2,IF('امتیاز دهی خبرگان'!$I7=2,'طیف فازی'!$D$3,IF('امتیاز دهی خبرگان'!$I7=3,'طیف فازی'!$D$4,IF('امتیاز دهی خبرگان'!$I7=4,'طیف فازی'!$D$5,'طیف فازی'!$D$6))))) -> 1 | X7: =IF('امتیاز دهی خبرگان'!$J7=0,0,IF('امتیاز دهی خبرگان'!$J7=1,'طیف فازی'!$B$2,IF('امتیاز دهی خبرگان'!$J7=2,'طیف فازی'!$B$3,IF('امتیاز دهی خبرگان'!$J7=3,'طیف فازی'!$B$4,IF('امتیاز دهی خبرگان'!$J7=4,'طیف فازی'!$B$5,'طیف فازی'!$B$6))))) -> 0.5 | Y7: =IF('امتیاز دهی خبرگان'!$J7=0,0,IF('امتیاز دهی خبرگان'!$J7=1,'طیف فازی'!$C$2,IF('امتیاز دهی خبرگان'!$J7=2,'طیف فازی'!$C$3,IF('امتیاز دهی خبرگان'!$J7=3,'طیف فازی'!$C$4,IF('امتیاز دهی خبرگان'!$J7=4,'طیف فازی'!$C$5,'طیف فازی'!$C$6))))) -> 0.75 | Z7: =IF('امتیاز دهی خبرگان'!$J7=0,0,IF('امتیاز دهی خبرگان'!$J7=1,'طیف فازی'!$D$2,IF('امتیاز دهی خبرگان'!$J7=2,'طیف فازی'!$D$3,IF('امتیاز دهی خبرگان'!$J7=3,'طیف فازی'!$D$4,IF('امتیاز دهی خبرگان'!$J7=4,'طیف فازی'!$D$5,'طیف فازی'!$D$6))))) -> 1 | AA7: =IF('امتیاز دهی خبرگان'!$K7=0,0,IF('امتیاز دهی خبرگان'!$K7=1,'طیف فازی'!$B$2,IF('امتیاز دهی خبرگان'!$K7=2,'طیف فازی'!$B$3,IF('امتیاز دهی خبرگان'!$K7=3,'طیف فازی'!$B$4,IF('امتیاز دهی خبرگان'!$K7=4,'طیف فازی'!$B$5,'طیف فازی'!$B$6))))) -> 0.5 | AB7: =IF('امتیاز دهی خبرگان'!$K7=0,0,IF('امتیاز دهی خبرگان'!$K7=1,'طیف فازی'!$C$2,IF('امتیاز دهی خبرگان'!$K7=2,'طیف فازی'!$C$3,IF('امتیاز دهی خبرگان'!$K7=3,'طیف فازی'!$C$4,IF('امتیاز دهی خبرگان'!$K7=4,'طیف فازی'!$C$5,'طیف فازی'!$C$6))))) -> 0.75 | AC7: =IF('امتیاز دهی خبرگان'!$K7=0,0,IF('امتیاز دهی خبرگان'!$K7=1,'طیف فازی'!$D$2,IF('امتیاز دهی خبرگان'!$K7=2,'طیف فازی'!$D$3,IF('امتیاز دهی خبرگان'!$K7=3,'طیف فازی'!$D$4,IF('امتیاز دهی خبرگان'!$K7=4,'طیف فازی'!$D$5,'طیف فازی'!$D$6))))) -> 1 | AD7: =IF('امتیاز دهی خبرگان'!$L7=0,0,IF('امتیاز دهی خبرگان'!$L7=1,'طیف فازی'!$B$2,IF('امتیاز دهی خبرگان'!$L7=2,'طیف فازی'!$B$3,IF('امتیاز دهی خبرگان'!$L7=3,'طیف فازی'!$B$4,IF('امتیاز دهی خبرگان'!$L7=4,'طیف فازی'!$B$5,'طیف فازی'!$B$6))))) -> 0.5 | AE7: =IF('امتیاز دهی خبرگان'!$L7=0,0,IF('امتیاز دهی خبرگان'!$L7=1,'طیف فازی'!$C$2,IF('امتیاز دهی خبرگان'!$L7=2,'طیف فازی'!$C$3,IF('امتیاز دهی خبرگان'!$L7=3,'طیف فازی'!$C$4,IF('امتیاز دهی خبرگان'!$L7=4,'طیف فازی'!$C$5,'طیف فازی'!$C$6))))) -> 0.75 | AF7: =IF('امتیاز دهی خبرگان'!$L7=0,0,IF('امتیاز دهی خبرگان'!$L7=1,'طیف فازی'!$D$2,IF('امتیاز دهی خبرگان'!$L7=2,'طیف فازی'!$D$3,IF('امتیاز دهی خبرگان'!$L7=3,'طیف فازی'!$D$4,IF('امتیاز دهی خبرگان'!$L7=4,'طیف فازی'!$D$5,'طیف فازی'!$D$6))))) -> 1 | AG7: =IF('امتیاز دهی خبرگان'!$M7=0,0,IF('امتیاز دهی خبرگان'!$M7=1,'طیف فازی'!$B$2,IF('امتیاز دهی خبرگان'!$M7=2,'طیف فازی'!$B$3,IF('امتیاز دهی خبرگان'!$M7=3,'طیف فازی'!$B$4,IF('امتیاز دهی خبرگان'!$M7=4,'طیف فازی'!$B$5,'طیف فازی'!$B$6))))) -> 0.5 | AH7: =IF('امتیاز دهی خبرگان'!$M7=0,0,IF('امتیاز دهی خبرگان'!$M7=1,'طیف فازی'!$C$2,IF('امتیاز دهی خبرگان'!$M7=2,'طیف فازی'!$C$3,IF('امتیاز دهی خبرگان'!$M7=3,'طیف فازی'!$C$4,IF('امتیاز دهی خبرگان'!$M7=4,'طیف فازی'!$C$5,'طیف فازی'!$C$6))))) -> 0.75 | AI7: =IF('امتیاز دهی خبرگان'!$M7=0,0,IF('امتیاز دهی خبرگان'!$M7=1,'طیف فازی'!$D$2,IF('امتیاز دهی خبرگان'!$M7=2,'طیف فازی'!$D$3,IF('امتیاز دهی خبرگان'!$M7=3,'طیف فازی'!$D$4,IF('امتیاز دهی خبرگان'!$M7=4,'طیف فازی'!$D$5,'طیف فازی'!$D$6))))) -> 1 | AJ7: =IF('امتیاز دهی خبرگان'!$N7=0,0,IF('امتیاز دهی خبرگان'!$N7=1,'طیف فازی'!$B$2,IF('امتیاز دهی خبرگان'!$N7=2,'طیف فازی'!$B$3,IF('امتیاز دهی خبرگان'!$N7=3,'طیف فازی'!$B$4,IF('امتیاز دهی خبرگان'!$N7=4,'طیف فازی'!$B$5,'طیف فازی'!$B$6))))) -> 0.75 | AK7: =IF('امتیاز دهی خبرگان'!$N7=0,0,IF('امتیاز دهی خبرگان'!$N7=1,'طیف فازی'!$C$2,IF('امتیاز دهی خبرگان'!$N7=2,'طیف فازی'!$C$3,IF('امتیاز دهی خبرگان'!$N7=3,'طیف فازی'!$C$4,IF('امتیاز دهی خبرگان'!$N7=4,'طیف فازی'!$C$5,'طیف فازی'!$C$6))))) -> 1 | AL7: =IF('امتیاز دهی خبرگان'!$N7=0,0,IF('امتیاز دهی خبرگان'!$N7=1,'طیف فازی'!$D$2,IF('امتیاز دهی خبرگان'!$N7=2,'طیف فازی'!$D$3,IF('امتیاز دهی خبرگان'!$N7=3,'طیف فازی'!$D$4,IF('امتیاز دهی خبرگان'!$N7=4,'طیف فازی'!$D$5,'طیف فازی'!$D$6))))) -> 1 | AM7: =C7+F7+I7+L7+O7+R7+U7+X7+AA7+AD7+AG7+AJ7 -> 6.5 | AN7: =D7+G7+J7+M7+P7+S7+V7+Y7+AB7+AE7+AH7+AK7 -> 9.5 | AO7: =E7+H7+K7+N7+Q7+T7+W7+Z7+AC7+AF7+AI7+AL7 -> 11.25 | AP7: =(AM7)/$AU$4 -> 0.54166667 | AQ7: =(AN7)/$AU$4 -> 0.79166667 | AR7: =(AO7)/$AU$4 -> 0.9375 | AS7: =AVERAGE(AP7:AR7) -> 0.75694444 | AT7: =IF(AS7>=0.7,"Pass","Not Pass") -> Pass
B8: 6 | C8: =IF('امتیاز دهی خبرگان'!$C8=0,0,IF('امتیاز دهی خبرگان'!$C8=1,'طیف فازی'!$B$2,IF('امتیاز دهی خبرگان'!$C8=2,'طیف فازی'!$B$3,IF('امتیاز دهی خبرگان'!$C8=3,'طیف فازی'!$B$4,IF('امتیاز دهی خبرگان'!$C8=4,'طیف فازی'!$B$5,'طیف فازی'!$B$6))))) -> 0.75 | D8: =IF('امتیاز دهی خبرگان'!$C8=0,0,IF('امتیاز دهی خبرگان'!$C8=1,'طیف فازی'!$C$2,IF('امتیاز دهی خبرگان'!$C8=2,'طیف فازی'!$C$3,IF('امتیاز دهی خبرگان'!$C8=3,'طیف فازی'!$C$4,IF('امتیاز دهی خبرگان'!$C8=4,'طیف فازی'!$C$5,'طیف فازی'!$C$6))))) -> 1 | E8: =IF('امتیاز دهی خبرگان'!$C8=0,0,IF('امتیاز دهی خبرگان'!$C8=1,'طیف فازی'!$D$2,IF('امتیاز دهی خبرگان'!$C8=2,'طیف فازی'!$D$3,IF('امتیاز دهی خبرگان'!$C8=3,'طیف فازی'!$D$4,IF('امتیاز دهی خبرگان'!$C8=4,'طیف فازی'!$D$5,'طیف فازی'!$D$6))))) -> 1 | F8: =IF('امتیاز دهی خبرگان'!$D8=0,0,IF('امتیاز دهی خبرگان'!$D8=1,'طیف فازی'!$B$2,IF('امتیاز دهی خبرگان'!$D8=2,'طیف فازی'!$B$3,IF('امتیاز دهی خبرگان'!$D8=3,'طیف فازی'!$B$4,IF('امتیاز دهی خبرگان'!$D8=4,'طیف فازی'!$B$5,'طیف فازی'!$B$6))))) -> 0.25 | G8: =IF('امتیاز دهی خبرگان'!$D8=0,0,IF('امتیاز دهی خبرگان'!$D8=1,'طیف فازی'!$D$2,IF('امتیاز دهی خبرگان'!$D8=2,'طیف فازی'!$C$3,IF('امتیاز دهی خبرگان'!$D8=3,'طیف فازی'!$C$4,IF('امتیاز دهی خبرگان'!$D8=4,'طیف فازی'!$C$5,'طیف فازی'!$C$6))))) -> 0.5 | H8: =IF('امتیاز دهی خبرگان'!$D8=0,0,IF('امتیاز دهی خبرگان'!$D8=1,'طیف فازی'!$D$2,IF('امتیاز دهی خبرگان'!$D8=2,'طیف فازی'!$D$3,IF('امتیاز دهی خبرگان'!$D8=3,'طیف فازی'!$D$4,IF('امتیاز دهی خبرگان'!$D8=4,'طیف فازی'!$D$5,'طیف فازی'!$D$6))))) -> 0.75 | I8: =IF('امتیاز دهی خبرگان'!$E8=0,0,IF('امتیاز دهی خبرگان'!$E8=1,'طیف فازی'!$B$2,IF('امتیاز دهی خبرگان'!$E8=2,'طیف فازی'!$B$3,IF('امتیاز دهی خبرگان'!$E8=3,'طیف فازی'!$B$4,IF('امتیاز دهی خبرگان'!$E8=4,'طیف فازی'!$B$5,'طیف فازی'!$B$6))))) -> 0.5 | J8: =IF('امتیاز دهی خبرگان'!$E8=0,0,IF('امتیاز دهی خبرگان'!$E8=1,'طیف فازی'!$C$2,IF('امتیاز دهی خبرگان'!$E8=2,'طیف فازی'!$C$3,IF('امتیاز دهی خبرگان'!$E8=3,'طیف فازی'!$C$4,IF('امتیاز دهی خبرگان'!$E8=4,'طیف فازی'!$C$5,'طیف فازی'!$C$6))))) -> 0.75 | K8: =IF('امتیاز دهی خبرگان'!$E8=0,0,IF('امتیاز دهی خبرگان'!$E8=1,'طیف فازی'!$D$2,IF('امتیاز دهی خبرگان'!$E8=2,'طیف فازی'!$D$3,IF('امتیاز دهی خبرگان'!$E8=3,'طیف فازی'!$D$4,IF('امتیاز دهی خبرگان'!$E8=4,'طیف فازی'!$D$5,'طیف فازی'!$D$6))))) -> 1 | L8: =IF('امتیاز دهی خبرگان'!$F8=0,0,IF('امتیاز دهی خبرگان'!$F8=1,'طیف فازی'!$B$2,IF('امتیاز دهی خبرگان'!$F8=2,'طیف فازی'!$B$3,IF('امتیاز دهی خبرگان'!$F8=3,'طیف فازی'!$B$4,IF('امتیاز دهی خبرگان'!$F8=4,'طیف فازی'!$B$5,'طیف فازی'!$B$6))))) -> 0.75 | M8: =IF('امتیاز دهی خبرگان'!$F8=0,0,IF('امتیاز دهی خبرگان'!$F8=1,'طیف فازی'!$C$2,IF('امتیاز دهی خبرگان'!$F8=2,'طیف فازی'!$C$3,IF('امتیاز دهی خبرگان'!$F8=3,'طیف فازی'!$C$4,IF('امتیاز دهی خبرگان'!$F8=4,'طیف فازی'!$C$5,'طیف فازی'!$C$6))))) -> 1 | N8: =IF('امتیاز دهی خبرگان'!$F8=0,0,IF('امتیاز دهی خبرگان'!$F8=1,'طیف فازی'!$D$2,IF('امتیاز دهی خبرگان'!$F8=2,'طیف فازی'!$D$3,IF('امتیاز دهی خبرگان'!$F8=3,'طیف فازی'!$D$4,IF('امتیاز دهی خبرگان'!$F8=4,'طیف فازی'!$D$5,'طیف فازی'!$D$6))))) -> 1 | O8: =IF('امتیاز دهی خبرگان'!$G8=0,0,IF('امتیاز دهی خبرگان'!$G8=1,'طیف فازی'!$B$2,IF('امتیاز دهی خبرگان'!$G8=2,'طیف فازی'!$B$3,IF('امتیاز دهی خبرگان'!$G8=3,'طیف فازی'!$B$4,IF('امتیاز دهی خبرگان'!$G8=4,'طیف فازی'!$B$5,'طیف فازی'!$B$6))))) -> 0.5 | P8: =IF('امتیاز دهی خبرگان'!$G8=0,0,IF('امتیاز دهی خبرگان'!$G8=1,'طیف فازی'!$C$2,IF('امتیاز دهی خبرگان'!$G8=2,'طیف فازی'!$C$3,IF('امتیاز دهی خبرگان'!$G8=3,'طیف فازی'!$C$4,IF('امتیاز دهی خبرگان'!$G8=4,'طیف فازی'!$C$5,'طیف فازی'!$C$6))))) -> 0.75 | Q8: =IF('امتیاز دهی خبرگان'!$G8=0,0,IF('امتیاز دهی خبرگان'!$G8=1,'طیف فازی'!$D$2,IF('امتیاز دهی خبرگان'!$G8=2,'طیف فازی'!$D$3,IF('امتیاز دهی خبرگان'!$G8=3,'طیف فازی'!$D$4,IF('امتیاز دهی خبرگان'!$G8=4,'طیف فازی'!$D$5,'طیف فازی'!$D$6))))) -> 1 | R8: =IF('امتیاز دهی خبرگان'!$H8=0,0,IF('امتیاز دهی خبرگان'!$H8=1,'طیف فازی'!$B$2,IF('امتیاز دهی خبرگان'!$H8=2,'طیف فازی'!$B$3,IF('امتیاز دهی خبرگان'!$H8=3,'طیف فازی'!$B$4,IF('امتیاز دهی خبرگان'!$H8=4,'طیف فازی'!$B$5,'طیف فازی'!$B$6))))) -> 0.25 | S8: =IF('امتیاز دهی خبرگان'!$H8=0,0,IF('امتیاز دهی خبرگان'!$H8=1,'طیف فازی'!$C$2,IF('امتیاز دهی خبرگان'!$H8=2,'طیف فازی'!$C$3,IF('امتیاز دهی خبرگان'!$H8=3,'طیف فازی'!$C$4,IF('امتیاز دهی خبرگان'!$H8=4,'طیف فازی'!$C$5,'طیف فازی'!$C$6))))) -> 0.5 | T8: =IF('امتیاز دهی خبرگان'!$H8=0,0,IF('امتیاز دهی خبرگان'!$H8=1,'طیف فازی'!$D$2,IF('امتیاز دهی خبرگان'!$H8=2,'طیف فازی'!$D$3,IF('امتیاز دهی خبرگان'!$H8=3,'طیف فازی'!$D$4,IF('امتیاز دهی خبرگان'!$H8=4,'طیف فازی'!$D$5,'طیف فازی'!$D$6))))) -> 0.75 | U8: =IF('امتیاز دهی خبرگان'!$I8=0,0,IF('امتیاز دهی خبرگان'!$I8=1,'طیف فازی'!$B$2,IF('امتیاز دهی خبرگان'!$I8=2,'طیف فازی'!$B$3,IF('امتیاز دهی خبرگان'!$I8=3,'طیف فازی'!$B$4,IF('امتیاز دهی خبرگان'!$I8=4,'طیف فازی'!$B$5,'طیف فازی'!$B$6))))) -> 0.5 | V8: =IF('امتیاز دهی خبرگان'!$I8=0,0,IF('امتیاز دهی خبرگان'!$I8=1,'طیف فازی'!$C$2,IF('امتیاز دهی خبرگان'!$I8=2,'طیف فازی'!$C$3,IF('امتیاز دهی خبرگان'!$I8=3,'طیف فازی'!$C$4,IF('امتیاز دهی خبرگان'!$I8=4,'طیف فازی'!$C$5,'طیف فازی'!$C$6))))) -> 0.75 | W8: =IF('امتیاز دهی خبرگان'!$I8=0,0,IF('امتیاز دهی خبرگان'!$I8=1,'طیف فازی'!$D$2,IF('امتیاز دهی خبرگان'!$I8=2,'طیف فازی'!$D$3,IF('امتیاز دهی خبرگان'!$I8=3,'طیف فازی'!$D$4,IF('امتیاز دهی خبرگان'!$I8=4,'طیف فازی'!$D$5,'طیف فازی'!$D$6))))) -> 1 | X8: =IF('امتیاز دهی خبرگان'!$J8=0,0,IF('امتیاز دهی خبرگان'!$J8=1,'طیف فازی'!$B$2,IF('امتیاز دهی خبرگان'!$J8=2,'طیف فازی'!$B$3,IF('امتیاز دهی خبرگان'!$J8=3,'طیف فازی'!$B$4,IF('امتیاز دهی خبرگان'!$J8=4,'طیف فازی'!$B$5,'طیف فازی'!$B$6))))) -> 0.5 | Y8: =IF('امتیاز دهی خبرگان'!$J8=0,0,IF('امتیاز دهی خبرگان'!$J8=1,'طیف فازی'!$C$2,IF('امتیاز دهی خبرگان'!$J8=2,'طیف فازی'!$C$3,IF('امتیاز دهی خبرگان'!$J8=3,'طیف فازی'!$C$4,IF('امتیاز دهی خبرگان'!$J8=4,'طیف فازی'!$C$5,'طیف فازی'!$C$6))))) -> 0.75 | Z8: =IF('امتیاز دهی خبرگان'!$J8=0,0,IF('امتیاز دهی خبرگان'!$J8=1,'طیف فازی'!$D$2,IF('امتیاز دهی خبرگان'!$J8=2,'طیف فازی'!$D$3,IF('امتیاز دهی خبرگان'!$J8=3,'طیف فازی'!$D$4,IF('امتیاز دهی خبرگان'!$J8=4,'طیف فازی'!$D$5,'طیف فازی'!$D$6))))) -> 1 | AA8: =IF('امتیاز دهی خبرگان'!$K8=0,0,IF('امتیاز دهی خبرگان'!$K8=1,'طیف فازی'!$B$2,IF('امتیاز دهی خبرگان'!$K8=2,'طیف فازی'!$B$3,IF('امتیاز دهی خبرگان'!$K8=3,'طیف فازی'!$B$4,IF('امتیاز دهی خبرگان'!$K8=4,'طیف فازی'!$B$5,'طیف فازی'!$B$6))))) -> 0.5 | AB8: =IF('امتیاز دهی خبرگان'!$K8=0,0,IF('امتیاز دهی خبرگان'!$K8=1,'طیف فازی'!$C$2,IF('امتیاز دهی خبرگان'!$K8=2,'طیف فازی'!$C$3,IF('امتیاز دهی خبرگان'!$K8=3,'طیف فازی'!$C$4,IF('امتیاز دهی خبرگان'!$K8=4,'طیف فازی'!$C$5,'طیف فازی'!$C$6))))) -> 0.75 | AC8: =IF('امتیاز دهی خبرگان'!$K8=0,0,IF('امتیاز دهی خبرگان'!$K8=1,'طیف فازی'!$D$2,IF('امتیاز دهی خبرگان'!$K8=2,'طیف فازی'!$D$3,IF('امتیاز دهی خبرگان'!$K8=3,'طیف فازی'!$D$4,IF('امتیاز دهی خبرگان'!$K8=4,'طیف فازی'!$D$5,'طیف فازی'!$D$6))))) -> 1 | AD8: =IF('امتیاز دهی خبرگان'!$L8=0,0,IF('امتیاز دهی خبرگان'!$L8=1,'طیف فازی'!$B$2,IF('امتیاز دهی خبرگان'!$L8=2,'طیف فازی'!$B$3,IF('امتیاز دهی خبرگان'!$L8=3,'طیف فازی'!$B$4,IF('امتیاز دهی خبرگان'!$L8=4,'طیف فازی'!$B$5,'طیف فازی'!$B$6))))) -> 0.5 | AE8: =IF('امتیاز دهی خبرگان'!$L8=0,0,IF('امتیاز دهی خبرگان'!$L8=1,'طیف فازی'!$C$2,IF('امتیاز دهی خبرگان'!$L8=2,'طیف فازی'!$C$3,IF('امتیاز دهی خبرگان'!$L8=3,'طیف فازی'!$C$4,IF('امتیاز دهی خبرگان'!$L8=4,'طیف فازی'!$C$5,'طیف فازی'!$C$6))))) -> 0.75 | AF8: =IF('امتیاز دهی خبرگان'!$L8=0,0,IF('امتیاز دهی خبرگان'!$L8=1,'طیف فازی'!$D$2,IF('امتیاز دهی خبرگان'!$L8=2,'طیف فازی'!$D$3,IF('امتیاز دهی خبرگان'!$L8=3,'طیف فازی'!$D$4,IF('امتیاز دهی خبرگان'!$L8=4,'طیف فازی'!$D$5,'طیف فازی'!$D$6))))) -> 1 | AG8: =IF('امتیاز دهی خبرگان'!$M8=0,0,IF('امتیاز دهی خبرگان'!$M8=1,'طیف فازی'!$B$2,IF('امتیاز دهی خبرگان'!$M8=2,'طیف فازی'!$B$3,IF('امتیاز دهی خبرگان'!$M8=3,'طیف فازی'!$B$4,IF('امتیاز دهی خبرگان'!$M8=4,'طیف فازی'!$B$5,'طیف فازی'!$B$6))))) -> 0.5 | AH8: =IF('امتیاز دهی خبرگان'!$M8=0,0,IF('امتیاز دهی خبرگان'!$M8=1,'طیف فازی'!$C$2,IF('امتیاز دهی خبرگان'!$M8=2,'طیف فازی'!$C$3,IF('امتیاز دهی خبرگان'!$M8=3,'طیف فازی'!$C$4,IF('امتیاز دهی خبرگان'!$M8=4,'طیف فازی'!$C$5,'طیف فازی'!$C$6))))) -> 0.75 | AI8: =IF('امتیاز دهی خبرگان'!$M8=0,0,IF('امتیاز دهی خبرگان'!$M8=1,'طیف فازی'!$D$2,IF('امتیاز دهی خبرگان'!$M8=2,'طیف فازی'!$D$3,IF('امتیاز دهی خبرگان'!$M8=3,'طیف فازی'!$D$4,IF('امتیاز دهی خبرگان'!$M8=4,'طیف فازی'!$D$5,'طیف فازی'!$D$6))))) -> 1 | AJ8: =IF('امتیاز دهی خبرگان'!$N8=0,0,IF('امتیاز دهی خبرگان'!$N8=1,'طیف فازی'!$B$2,IF('امتیاز دهی خبرگان'!$N8=2,'طیف فازی'!$B$3,IF('امتیاز دهی خبرگان'!$N8=3,'طیف فازی'!$B$4,IF('امتیاز دهی خبرگان'!$N8=4,'طیف فازی'!$B$5,'طیف فازی'!$B$6))))) -> 0.75 | AK8: =IF('امتیاز دهی خبرگان'!$N8=0,0,IF('امتیاز دهی خبرگان'!$N8=1,'طیف فازی'!$C$2,IF('امتیاز دهی خبرگان'!$N8=2,'طیف فازی'!$C$3,IF('امتیاز دهی خبرگان'!$N8=3,'طیف فازی'!$C$4,IF('امتیاز دهی خبرگان'!$N8=4,'طیف فازی'!$C$5,'طیف فازی'!$C$6))))) -> 1 | AL8: =IF('امتیاز دهی خبرگان'!$N8=0,0,IF('امتیاز دهی خبرگان'!$N8=1,'طیف فازی'!$D$2,IF('امتیاز دهی خبرگان'!$N8=2,'طیف فازی'!$D$3,IF('امتیاز دهی خبرگان'!$N8=3,'طیف فازی'!$D$4,IF('امتیاز دهی خبرگان'!$N8=4,'طیف فازی'!$D$5,'طیف فازی'!$D$6))))) -> 1 | AM8: =C8+F8+I8+L8+O8+R8+U8+X8+AA8+AD8+AG8+AJ8 -> 6.25 | AN8: =D8+G8+J8+M8+P8+S8+V8+Y8+AB8+AE8+AH8+AK8 -> 9.25 | AO8: =E8+H8+K8+N8+Q8+T8+W8+Z8+AC8+AF8+AI8+AL8 -> 11.5 | AP8: =(AM8)/$AU$4 -> 0.52083333 | AQ8: =(AN8)/$AU$4 -> 0.77083333 | AR8: =(AO8)/$AU$4 -> 0.95833333 | AS8: =AVERAGE(AP8:AR8) -> 0.75 | AT8: =IF(AS8>=0.7,"Pass","Not Pass") -> Pass
B9: 7 | C9: =IF('امتیاز دهی خبرگان'!$C9=0,0,IF('امتیاز دهی خبرگان'!$C9=1,'طیف فازی'!$B$2,IF('امتیاز دهی خبرگان'!$C9=2,'طیف فازی'!$B$3,IF('امتیاز دهی خبرگان'!$C9=3,'طیف فازی'!$B$4,IF('امتیاز دهی خبرگان'!$C9=4,'طیف فازی'!$B$5,'طیف فازی'!$B$6))))) -> 0.5 | D9: =IF('امتیاز دهی خبرگان'!$C9=0,0,IF('امتیاز دهی خبرگان'!$C9=1,'طیف فازی'!$C$2,IF('امتیاز دهی خبرگان'!$C9=2,'طیف فازی'!$C$3,IF('امتیاز دهی خبرگان'!$C9=3,'طیف فازی'!$C$4,IF('امتیاز دهی خبرگان'!$C9=4,'طیف فازی'!$C$5,'طیف فازی'!$C$6))))) -> 0.75 | E9: =IF('امتیاز دهی خبرگان'!$C9=0,0,IF('امتیاز دهی خبرگان'!$C9=1,'طیف فازی'!$D$2,IF('امتیاز دهی خبرگان'!$C9=2,'طیف فازی'!$D$3,IF('امتیاز دهی خبرگان'!$C9=3,'طیف فازی'!$D$4,IF('امتیاز دهی خبرگان'!$C9=4,'طیف فازی'!$D$5,'طیف فازی'!$D$6))))) -> 1 | F9: =IF('امتیاز دهی خبرگان'!$D9=0,0,IF('امتیاز دهی خبرگان'!$D9=1,'طیف فازی'!$B$2,IF('امتیاز دهی خبرگان'!$D9=2,'طیف فازی'!$B$3,IF('امتیاز دهی خبرگان'!$D9=3,'طیف فازی'!$B$4,IF('امتیاز دهی خبرگان'!$D9=4,'طیف فازی'!$B$5,'طیف فازی'!$B$6))))) -> 0.5 | G9: =IF('امتیاز دهی خبرگان'!$D9=0,0,IF('امتیاز دهی خبرگان'!$D9=1,'طیف فازی'!$D$2,IF('امتیاز دهی خبرگان'!$D9=2,'طیف فازی'!$C$3,IF('امتیاز دهی خبرگان'!$D9=3,'طیف فازی'!$C$4,IF('امتیاز دهی خبرگان'!$D9=4,'طیف فازی'!$C$5,'طیف فازی'!$C$6))))) -> 0.75 | H9: =IF('امتیاز دهی خبرگان'!$D9=0,0,IF('امتیاز دهی خبرگان'!$D9=1,'طیف فازی'!$D$2,IF('امتیاز دهی خبرگان'!$D9=2,'طیف فازی'!$D$3,IF('امتیاز دهی خبرگان'!$D9=3,'طیف فازی'!$D$4,IF('امتیاز دهی خبرگان'!$D9=4,'طیف فازی'!$D$5,'طیف فازی'!$D$6))))) -> 1 | I9: =IF('امتیاز دهی خبرگان'!$E9=0,0,IF('امتیاز دهی خبرگان'!$E9=1,'طیف فازی'!$B$2,IF('امتیاز دهی خبرگان'!$E9=2,'طیف فازی'!$B$3,IF('امتیاز دهی خبرگان'!$E9=3,'طیف فازی'!$B$4,IF('امتیاز دهی خبرگان'!$E9=4,'طیف فازی'!$B$5,'طیف فازی'!$B$6))))) -> 0.5 | J9: =IF('امتیاز دهی خبرگان'!$E9=0,0,IF('امتیاز دهی خبرگان'!$E9=1,'طیف فازی'!$C$2,IF('امتیاز دهی خبرگان'!$E9=2,'طیف فازی'!$C$3,IF('امتیاز دهی خبرگان'!$E9=3,'طیف فازی'!$C$4,IF('امتیاز دهی خبرگان'!$E9=4,'طیف فازی'!$C$5,'طیف فازی'!$C$6))))) -> 0.75 | K9: =IF('امتیاز دهی خبرگان'!$E9=0,0,IF('امتیاز دهی خبرگان'!$E9=1,'طیف فازی'!$D$2,IF('امتیاز دهی خبرگان'!$E9=2,'طیف فازی'!$D$3,IF('امتیاز دهی خبرگان'!$E9=3,'طیف فازی'!$D$4,IF('امتیاز دهی خبرگان'!$E9=4,'طیف فازی'!$D$5,'طیف فازی'!$D$6))))) -> 1 | L9: =IF('امتیاز دهی خبرگان'!$F9=0,0,IF('امتیاز دهی خبرگان'!$F9=1,'طیف فازی'!$B$2,IF('امتیاز دهی خبرگان'!$F9=2,'طیف فازی'!$B$3,IF('امتیاز دهی خبرگان'!$F9=3,'طیف فازی'!$B$4,IF('امتیاز دهی خبرگان'!$F9=4,'طیف فازی'!$B$5,'طیف فازی'!$B$6))))) -> 0.75 | M9: =IF('امتیاز دهی خبرگان'!$F9=0,0,IF('امتیاز دهی خبرگان'!$F9=1,'طیف فازی'!$C$2,IF('امتیاز دهی خبرگان'!$F9=2,'طیف فازی'!$C$3,IF('امتیاز دهی خبرگان'!$F9=3,'طیف فازی'!$C$4,IF('امتیاز دهی خبرگان'!$F9=4,'طیف فازی'!$C$5,'طیف فازی'!$C$6))))) -> 1 | N9: =IF('امتیاز دهی خبرگان'!$F9=0,0,IF('امتیاز دهی خبرگان'!$F9=1,'طیف فازی'!$D$2,IF('امتیاز دهی خبرگان'!$F9=2,'طیف فازی'!$D$3,IF('امتیاز دهی خبرگان'!$F9=3,'طیف فازی'!$D$4,IF('امتیاز دهی خبرگان'!$F9=4,'طیف فازی'!$D$5,'طیف فازی'!$D$6))))) -> 1 | O9: =IF('امتیاز دهی خبرگان'!$G9=0,0,IF('امتیاز دهی خبرگان'!$G9=1,'طیف فازی'!$B$2,IF('امتیاز دهی خبرگان'!$G9=2,'طیف فازی'!$B$3,IF('امتیاز دهی خبرگان'!$G9=3,'طیف فازی'!$B$4,IF('امتیاز دهی خبرگان'!$G9=4,'طیف فازی'!$B$5,'طیف فازی'!$B$6))))) -> 0.5 | P9: =IF('امتیاز دهی خبرگان'!$G9=0,0,IF('امتیاز دهی خبرگان'!$G9=1,'طیف فازی'!$C$2,IF('امتیاز دهی خبرگان'!$G9=2,'طیف فازی'!$C$3,IF('امتیاز دهی خبرگان'!$G9=3,'طیف فازی'!$C$4,IF('امتیاز دهی خبرگان'!$G9=4,'طیف فازی'!$C$5,'طیف فازی'!$C$6))))) -> 0.75 | Q9: =IF('امتیاز دهی خبرگان'!$G9=0,0,IF('امتیاز دهی خبرگان'!$G9=1,'طیف فازی'!$D$2,IF('امتیاز دهی خبرگان'!$G9=2,'طیف فازی'!$D$3,IF('امتیاز دهی خبرگان'!$G9=3,'طیف فازی'!$D$4,IF('امتیاز دهی خبرگان'!$G9=4,'طیف فازی'!$D$5,'طیف فازی'!$D$6))))) -> 1 | R9: =IF('امتیاز دهی خبرگان'!$H9=0,0,IF('امتیاز دهی خبرگان'!$H9=1,'طیف فازی'!$B$2,IF('امتیاز دهی خبرگان'!$H9=2,'طیف فازی'!$B$3,IF('امتیاز دهی خبرگان'!$H9=3,'طیف فازی'!$B$4,IF('امتیاز دهی خبرگان'!$H9=4,'طیف فازی'!$B$5,'طیف فازی'!$B$6))))) -> 0.5 | S9: =IF('امتیاز دهی خبرگان'!$H9=0,0,IF('امتیاز دهی خبرگان'!$H9=1,'طیف فازی'!$C$2,IF('امتیاز دهی خبرگان'!$H9=2,'طیف فازی'!$C$3,IF('امتیاز دهی خبرگان'!$H9=3,'طیف فازی'!$C$4,IF('امتیاز دهی خبرگان'!$H9=4,'طیف فازی'!$C$5,'طیف فازی'!$C$6))))) -> 0.75 | T9: =IF('امتیاز دهی خبرگان'!$H9=0,0,IF('امتیاز دهی خبرگان'!$H9=1,'طیف فازی'!$D$2,IF('امتیاز دهی خبرگان'!$H9=2,'طیف فازی'!$D$3,IF('امتیاز دهی خبرگان'!$H9=3,'طیف فازی'!$D$4,IF('امتیاز دهی خبرگان'!$H9=4,'طیف فازی'!$D$5,'طیف فازی'!$D$6))))) -> 1 | U9: =IF('امتیاز دهی خبرگان'!$I9=0,0,IF('امتیاز دهی خبرگان'!$I9=1,'طیف فازی'!$B$2,IF('امتیاز دهی خبرگان'!$I9=2,'طیف فازی'!$B$3,IF('امتیاز دهی خبرگان'!$I9=3,'طیف فازی'!$B$4,IF('امتیاز دهی خبرگان'!$I9=4,'طیف فازی'!$B$5,'طیف فازی'!$B$6))))) -> 0.5 | V9: =IF('امتیاز دهی خبرگان'!$I9=0,0,IF('امتیاز دهی خبرگان'!$I9=1,'طیف فازی'!$C$2,IF('امتیاز دهی خبرگان'!$I9=2,'طیف فازی'!$C$3,IF('امتیاز دهی خبرگان'!$I9=3,'طیف فازی'!$C$4,IF('امتیاز دهی خبرگان'!$I9=4,'طیف فازی'!$C$5,'طیف فازی'!$C$6))))) -> 0.75 | W9: =IF('امتیاز دهی خبرگان'!$I9=0,0,IF('امتیاز دهی خبرگان'!$I9=1,'طیف فازی'!$D$2,IF('امتیاز دهی خبرگان'!$I9=2,'طیف فازی'!$D$3,IF('امتیاز دهی خبرگان'!$I9=3,'طیف فازی'!$D$4,IF('امتیاز دهی خبرگان'!$I9=4,'طیف فازی'!$D$5,'طیف فازی'!$D$6))))) -> 1 | X9: =IF('امتیاز دهی خبرگان'!$J9=0,0,IF('امتیاز دهی خبرگان'!$J9=1,'طیف فازی'!$B$2,IF('امتیاز دهی خبرگان'!$J9=2,'طیف فازی'!$B$3,IF('امتیاز دهی خبرگان'!$J9=3,'طیف فازی'!$B$4,IF('امتیاز دهی خبرگان'!$J9=4,'طیف فازی'!$B$5,'طیف فازی'!$B$6))))) -> 0.5 | Y9: =IF('امتیاز دهی خبرگان'!$J9=0,0,IF('امتیاز دهی خبرگان'!$J9=1,'طیف فازی'!$C$2,IF('امتیاز دهی خبرگان'!$J9=2,'طیف فازی'!$C$3,IF('امتیاز دهی خبرگان'!$J9=3,'طیف فازی'!$C$4,IF('امتیاز دهی خبرگان'!$J9=4,'طیف فازی'!$C$5,'طیف فازی'!$C$6))))) -> 0.75 | Z9: =IF('امتیاز دهی خبرگان'!$J9=0,0,IF('امتیاز دهی خبرگان'!$J9=1,'طیف فازی'!$D$2,IF('امتیاز دهی خبرگان'!$J9=2,'طیف فازی'!$D$3,IF('امتیاز دهی خبرگان'!$J9=3,'طیف فازی'!$D$4,IF('امتیاز دهی خبرگان'!$J9=4,'طیف فازی'!$D$5,'طیف فازی'!$D$6))))) -> 1 | AA9: =IF('امتیاز دهی خبرگان'!$K9=0,0,IF('امتیاز دهی خبرگان'!$K9=1,'طیف فازی'!$B$2,IF('امتیاز دهی خبرگان'!$K9=2,'طیف فازی'!$B$3,IF('امتیاز دهی خبرگان'!$K9=3,'طیف فازی'!$B$4,IF('امتیاز دهی خبرگان'!$K9=4,'طیف فازی'!$B$5,'طیف فازی'!$B$6))))) -> 0.25 | AB9: =IF('امتیاز دهی خبرگان'!$K9=0,0,IF('امتیاز دهی خبرگان'!$K9=1,'طیف فازی'!$C$2,IF('امتیاز دهی خبرگان'!$K9=2,'طیف فازی'!$C$3,IF('امتیاز دهی خبرگان'!$K9=3,'طیف فازی'!$C$4,IF('امتیاز دهی خبرگان'!$K9=4,'طیف فازی'!$C$5,'طیف فازی'!$C$6))))) -> 0.5 | AC9: =IF('امتیاز دهی خبرگان'!$K9=0,0,IF('امتیاز دهی خبرگان'!$K9=1,'طیف فازی'!$D$2,IF('امتیاز دهی خبرگان'!$K9=2,'طیف فازی'!$D$3,IF('امتیاز دهی خبرگان'!$K9=3,'طیف فازی'!$D$4,IF('امتیاز دهی خبرگان'!$K9=4,'طیف فازی'!$D$5,'طیف فازی'!$D$6))))) -> 0.75 | AD9: =IF('امتیاز دهی خبرگان'!$L9=0,0,IF('امتیاز دهی خبرگان'!$L9=1,'طیف فازی'!$B$2,IF('امتیاز دهی خبرگان'!$L9=2,'طیف فازی'!$B$3,IF('امتیاز دهی خبرگان'!$L9=3,'طیف فازی'!$B$4,IF('امتیاز دهی خبرگان'!$L9=4,'طیف فازی'!$B$5,'طیف فازی'!$B$6))))) -> 0.5 | AE9: =IF('امتیاز دهی خبرگان'!$L9=0,0,IF('امتیاز دهی خبرگان'!$L9=1,'طیف فازی'!$C$2,IF('امتیاز دهی خبرگان'!$L9=2,'طیف فازی'!$C$3,IF('امتیاز دهی خبرگان'!$L9=3,'طیف فازی'!$C$4,IF('امتیاز دهی خبرگان'!$L9=4,'طیف فازی'!$C$5,'طیف فازی'!$C$6))))) -> 0.75 | AF9: =IF('امتیاز دهی خبرگان'!$L9=0,0,IF('امتیاز دهی خبرگان'!$L9=1,'طیف فازی'!$D$2,IF('امتیاز دهی خبرگان'!$L9=2,'طیف فازی'!$D$3,IF('امتیاز دهی خبرگان'!$L9=3,'طیف فازی'!$D$4,IF('امتیاز دهی خبرگان'!$L9=4,'طیف فازی'!$D$5,'طیف فازی'!$D$6))))) -> 1 | AG9: =IF('امتیاز دهی خبرگان'!$M9=0,0,IF('امتیاز دهی خبرگان'!$M9=1,'طیف فازی'!$B$2,IF('امتیاز دهی خبرگان'!$M9=2,'طیف فازی'!$B$3,IF('امتیاز دهی خبرگان'!$M9=3,'طیف فازی'!$B$4,IF('امتیاز دهی خبرگان'!$M9=4,'طیف فازی'!$B$5,'طیف فازی'!$B$6))))) -> 0.5 | AH9: =IF('امتیاز دهی خبرگان'!$M9=0,0,IF('امتیاز دهی خبرگان'!$M9=1,'طیف فازی'!$C$2,IF('امتیاز دهی خبرگان'!$M9=2,'طیف فازی'!$C$3,IF('امتیاز دهی خبرگان'!$M9=3,'طیف فازی'!$C$4,IF('امتیاز دهی خبرگان'!$M9=4,'طیف فازی'!$C$5,'طیف فازی'!$C$6))))) -> 0.75 | AI9: =IF('امتیاز دهی خبرگان'!$M9=0,0,IF('امتیاز دهی خبرگان'!$M9=1,'طیف فازی'!$D$2,IF('امتیاز دهی خبرگان'!$M9=2,'طیف فازی'!$D$3,IF('امتیاز دهی خبرگان'!$M9=3,'طیف فازی'!$D$4,IF('امتیاز دهی خبرگان'!$M9=4,'طیف فازی'!$D$5,'طیف فازی'!$D$6))))) -> 1 | AJ9: =IF('امتیاز دهی خبرگان'!$N9=0,0,IF('امتیاز دهی خبرگان'!$N9=1,'طیف فازی'!$B$2,IF('امتیاز دهی خبرگان'!$N9=2,'طیف فازی'!$B$3,IF('امتیاز دهی خبرگان'!$N9=3,'طیف فازی'!$B$4,IF('امتیاز دهی خبرگان'!$N9=4,'طیف فازی'!$B$5,'طیف فازی'!$B$6))))) -> 0.5 | AK9: =IF('امتیاز دهی خبرگان'!$N9=0,0,IF('امتیاز دهی خبرگان'!$N9=1,'طیف فازی'!$C$2,IF('امتیاز دهی خبرگان'!$N9=2,'طیف فازی'!$C$3,IF('امتیاز دهی خبرگان'!$N9=3,'طیف فازی'!$C$4,IF('امتیاز دهی خبرگان'!$N9=4,'طیف فازی'!$C$5,'طیف فازی'!$C$6))))) -> 0.75 | AL9: =IF('امتیاز دهی خبرگان'!$N9=0,0,IF('امتیاز دهی خبرگان'!$N9=1,'طیف فازی'!$D$2,IF('امتیاز دهی خبرگان'!$N9=2,'طیف فازی'!$D$3,IF('امتیاز دهی خبرگان'!$N9=3,'طیف فازی'!$D$4,IF('امتیاز دهی خبرگان'!$N9=4,'طیف فازی'!$D$5,'طیف فازی'!$D$6))))) -> 1 | AM9: =C9+F9+I9+L9+O9+R9+U9+X9+AA9+AD9+AG9+AJ9 -> 6 | AN9: =D9+G9+J9+M9+P9+S9+V9+Y9+AB9+AE9+AH9+AK9 -> 9 | AO9: =E9+H9+K9+N9+Q9+T9+W9+Z9+AC9+AF9+AI9+AL9 -> 11.75 | AP9: =(AM9)/$AU$4 -> 0.5 | AQ9: =(AN9)/$AU$4 -> 0.75 | AR9: =(AO9)/$AU$4 -> 0.97916667 | AS9: =AVERAGE(AP9:AR9) -> 0.74305556 | AT9: =IF(AS9>=0.7,"Pass","Not Pass") -> Pass
B10: 8 | C10: =IF('امتیاز دهی خبرگان'!$C10=0,0,IF('امتیاز دهی خبرگان'!$C10=1,'طیف فازی'!$B$2,IF('امتیاز دهی خبرگان'!$C10=2,'طیف فازی'!$B$3,IF('امتیاز دهی خبرگان'!$C10=3,'طیف فازی'!$B$4,IF('امتیاز دهی خبرگان'!$C10=4,'طیف فازی'!$B$5,'طیف فازی'!$B$6))))) -> 0.75 | D10: =IF('امتیاز دهی خبرگان'!$C10=0,0,IF('امتیاز دهی خبرگان'!$C10=1,'طیف فازی'!$C$2,IF('امتیاز دهی خبرگان'!$C10=2,'طیف فازی'!$C$3,IF('امتیاز دهی خبرگان'!$C10=3,'طیف فازی'!$C$4,IF('امتیاز دهی خبرگان'!$C10=4,'طیف فازی'!$C$5,'طیف فازی'!$C$6))))) -> 1 | E10: =IF('امتیاز دهی خبرگان'!$C10=0,0,IF('امتیاز دهی خبرگان'!$C10=1,'طیف فازی'!$D$2,IF('امتیاز دهی خبرگان'!$C10=2,'طیف فازی'!$D$3,IF('امتیاز دهی خبرگان'!$C10=3,'طیف فازی'!$D$4,IF('امتیاز دهی خبرگان'!$C10=4,'طیف فازی'!$D$5,'طیف فازی'!$D$6))))) -> 1 | F10: =IF('امتیاز دهی خبرگان'!$D10=0,0,IF('امتیاز دهی خبرگان'!$D10=1,'طیف فازی'!$B$2,IF('امتیاز دهی خبرگان'!$D10=2,'طیف فازی'!$B$3,IF('امتیاز دهی خبرگان'!$D10=3,'طیف فازی'!$B$4,IF('امتیاز دهی خبرگان'!$D10=4,'طیف فازی'!$B$5,'طیف فازی'!$B$6))))) -> 0.25 | G10: =IF('امتیاز دهی خبرگان'!$D10=0,0,IF('امتیاز دهی خبرگان'!$D10=1,'طیف فازی'!$D$2,IF('امتیاز دهی خبرگان'!$D10=2,'طیف فازی'!$C$3,IF('امتیاز دهی خبرگان'!$D10=3,'طیف فازی'!$C$4,IF('امتیاز دهی خبرگان'!$D10=4,'طیف فازی'!$C$5,'طیف فازی'!$C$6))))) -> 0.5 | H10: =IF('امتیاز دهی خبرگان'!$D10=0,0,IF('امتیاز دهی خبرگان'!$D10=1,'طیف فازی'!$D$2,IF('امتیاز دهی خبرگان'!$D10=2,'طیف فازی'!$D$3,IF('امتیاز دهی خبرگان'!$D10=3,'طیف فازی'!$D$4,IF('امتیاز دهی خبرگان'!$D10=4,'طیف فازی'!$D$5,'طیف فازی'!$D$6))))) -> 0.75 | I10: =IF('امتیاز دهی خبرگان'!$E10=0,0,IF('امتیاز دهی خبرگان'!$E10=1,'طیف فازی'!$B$2,IF('امتیاز دهی خبرگان'!$E10=2,'طیف فازی'!$B$3,IF('امتیاز دهی خبرگان'!$E10=3,'طیف فازی'!$B$4,IF('امتیاز دهی خبرگان'!$E10=4,'طیف فازی'!$B$5,'طیف فازی'!$B$6))))) -> 0.25 | J10: =IF('امتیاز دهی خبرگان'!$E10=0,0,IF('امتیاز دهی خبرگان'!$E10=1,'طیف فازی'!$C$2,IF('امتیاز دهی خبرگان'!$E10=2,'طیف فازی'!$C$3,IF('امتیاز دهی خبرگان'!$E10=3,'طیف فازی'!$C$4,IF('امتیاز دهی خبرگان'!$E10=4,'طیف فازی'!$C$5,'طیف فازی'!$C$6))))) -> 0.5 | K10: =IF('امتیاز دهی خبرگان'!$E10=0,0,IF('امتیاز دهی خبرگان'!$E10=1,'طیف فازی'!$D$2,IF('امتیاز دهی خبرگان'!$E10=2,'طیف فازی'!$D$3,IF('امتیاز دهی خبرگان'!$E10=3,'طیف فازی'!$D$4,IF('امتیاز دهی خبرگان'!$E10=4,'طیف فازی'!$D$5,'طیف فازی'!$D$6))))) -> 0.75 | L10: =IF('امتیاز دهی خبرگان'!$F10=0,0,IF('امتیاز دهی خبرگان'!$F10=1,'طیف فازی'!$B$2,IF('امتیاز دهی خبرگان'!$F10=2,'طیف فازی'!$B$3,IF('امتیاز دهی خبرگان'!$F10=3,'طیف فازی'!$B$4,IF('امتیاز دهی خبرگان'!$F10=4,'طیف فازی'!$B$5,'طیف فازی'!$B$6))))) -> 0.25 | M10: =IF('امتیاز دهی خبرگان'!$F10=0,0,IF('امتیاز دهی خبرگان'!$F10=1,'طیف فازی'!$C$2,IF('امتیاز دهی خبرگان'!$F10=2,'طیف فازی'!$C$3,IF('امتیاز دهی خبرگان'!$F10=3,'طیف فازی'!$C$4,IF('امتیاز دهی خبرگان'!$F10=4,'طیف فازی'!$C$5,'طیف فازی'!$C$6))))) -> 0.5 | N10: =IF('امتیاز دهی خبرگان'!$F10=0,0,IF('امتیاز دهی خبرگان'!$F10=1,'طیف فازی'!$D$2,IF('امتیاز دهی خبرگان'!$F10=2,'طیف فازی'!$D$3,IF('امتیاز دهی خبرگان'!$F10=3,'طیف فازی'!$D$4,IF('امتیاز دهی خبرگان'!$F10=4,'طیف فازی'!$D$5,'طیف فازی'!$D$6))))) -> 0.75 | O10: =IF('امتیاز دهی خبرگان'!$G10=0,0,IF('امتیاز دهی خبرگان'!$G10=1,'طیف فازی'!$B$2,IF('امتیاز دهی خبرگان'!$G10=2,'طیف فازی'!$B$3,IF('امتیاز دهی خبرگان'!$G10=3,'طیف فازی'!$B$4,IF('امتیاز دهی خبرگان'!$G10=4,'طیف فازی'!$B$5,'طیف فازی'!$B$6))))) -> 0.75 | P10: =IF('امتیاز دهی خبرگان'!$G10=0,0,IF('امتیاز دهی خبرگان'!$G10=1,'طیف فازی'!$C$2,IF('امتیاز دهی خبرگان'!$G10=2,'طیف فازی'!$C$3,IF('امتیاز دهی خبرگان'!$G10=3,'طیف فازی'!$C$4,IF('امتیاز دهی خبرگان'!$G10=4,'طیف فازی'!$C$5,'طیف فازی'!$C$6))))) -> 1 | Q10: =IF('امتیاز دهی خبرگان'!$G10=0,0,IF('امتیاز دهی خبرگان'!$G10=1,'طیف فازی'!$D$2,IF('امتیاز دهی خبرگان'!$G10=2,'طیف فازی'!$D$3,IF('امتیاز دهی خبرگان'!$G10=3,'طیف فازی'!$D$4,IF('امتیاز دهی خبرگان'!$G10=4,'طیف فازی'!$D$5,'طیف فازی'!$D$6))))) -> 1 | R10: =IF('امتیاز دهی خبرگان'!$H10=0,0,IF('امتیاز دهی خبرگان'!$H10=1,'طیف فازی'!$B$2,IF('امتیاز دهی خبرگان'!$H10=2,'طیف فازی'!$B$3,IF('امتیاز دهی خبرگان'!$H10=3,'طیف فازی'!$B$4,IF('امتیاز دهی خبرگان'!$H10=4,'طیف فازی'!$B$5,'طیف فازی'!$B$6))))) -> 0.25 | S10: =IF('امتیاز دهی خبرگان'!$H10=0,0,IF('امتیاز دهی خبرگان'!$H10=1,'طیف فازی'!$C$2,IF('امتیاز دهی خبرگان'!$H10=2,'طیف فازی'!$C$3,IF('امتیاز دهی خبرگان'!$H10=3,'طیف فازی'!$C$4,IF('امتیاز دهی خبرگان'!$H10=4,'طیف فازی'!$C$5,'طیف فازی'!$C$6))))) -> 0.5 | T10: =IF('امتیاز دهی خبرگان'!$H10=0,0,IF('امتیاز دهی خبرگان'!$H10=1,'طیف فازی'!$D$2,IF('امتیاز دهی خبرگان'!$H10=2,'طیف فازی'!$D$3,IF('امتیاز دهی خبرگان'!$H10=3,'طیف فازی'!$D$4,IF('امتیاز دهی خبرگان'!$H10=4,'طیف فازی'!$D$5,'طیف فازی'!$D$6))))) -> 0.75 | U10: =IF('امتیاز دهی خبرگان'!$I10=0,0,IF('امتیاز دهی خبرگان'!$I10=1,'طیف فازی'!$B$2,IF('امتیاز دهی خبرگان'!$I10=2,'طیف فازی'!$B$3,IF('امتیاز دهی خبرگان'!$I10=3,'طیف فازی'!$B$4,IF('امتیاز دهی خبرگان'!$I10=4,'طیف فازی'!$B$5,'طیف فازی'!$B$6))))) -> 0.75 | V10: =IF('امتیاز دهی خبرگان'!$I10=0,0,IF('امتیاز دهی خبرگان'!$I10=1,'طیف فازی'!$C$2,IF('امتیاز دهی خبرگان'!$I10=2,'طیف فازی'!$C$3,IF('امتیاز دهی خبرگان'!$I10=3,'طیف فازی'!$C$4,IF('امتیاز دهی خبرگان'!$I10=4,'طیف فازی'!$C$5,'طیف فازی'!$C$6))))) -> 1 | W10: =IF('امتیاز دهی خبرگان'!$I10=0,0,IF('امتیاز دهی خبرگان'!$I10=1,'طیف فازی'!$D$2,IF('امتیاز دهی خبرگان'!$I10=2,'طیف فازی'!$D$3,IF('امتیاز دهی خبرگان'!$I10=3,'طیف فازی'!$D$4,IF('امتیاز دهی خبرگان'!$I10=4,'طیف فازی'!$D$5,'طیف فازی'!$D$6))))) -> 1 | X10: =IF('امتیاز دهی خبرگان'!$J10=0,0,IF('امتیاز دهی خبرگان'!$J10=1,'طیف فازی'!$B$2,IF('امتیاز دهی خبرگان'!$J10=2,'طیف فازی'!$B$3,IF('امتیاز دهی خبرگان'!$J10=3,'طیف فازی'!$B$4,IF('امتیاز دهی خبرگان'!$J10=4,'طیف فازی'!$B$5,'طیف فازی'!$B$6))))) -> 0.75 | Y10: =IF('امتیاز دهی خبرگان'!$J10=0,0,IF('امتیاز دهی خبرگان'!$J10=1,'طیف فازی'!$C$2,IF('امتیاز دهی خبرگان'!$J10=2,'طیف فازی'!$C$3,IF('امتیاز دهی خبرگان'!$J10=3,'طیف فازی'!$C$4,IF('امتیاز دهی خبرگان'!$J10=4,'طیف فازی'!$C$5,'طیف فازی'!$C$6))))) -> 1 | Z10: =IF('امتیاز دهی خبرگان'!$J10=0,0,IF('امتیاز دهی خبرگان'!$J10=1,'طیف فازی'!$D$2,IF('امتیاز دهی خبرگان'!$J10=2,'طیف فازی'!$D$3,IF('امتیاز دهی خبرگان'!$J10=3,'طیف فازی'!$D$4,IF('امتیاز دهی خبرگان'!$J10=4,'طیف فازی'!$D$5,'طیف فازی'!$D$6))))) -> 1 | AA10: =IF('امتیاز دهی خبرگان'!$K10=0,0,IF('امتیاز دهی خبرگان'!$K10=1,'طیف فازی'!$B$2,IF('امتیاز دهی خبرگان'!$K10=2,'طیف فازی'!$B$3,IF('امتیاز دهی خبرگان'!$K10=3,'طیف فازی'!$B$4,IF('امتیاز دهی خبرگان'!$K10=4,'طیف فازی'!$B$5,'طیف فازی'!$B$6))))) -> 0.75 | AB10: =IF('امتیاز دهی خبرگان'!$K10=0,0,IF('امتیاز دهی خبرگان'!$K10=1,'طیف فازی'!$C$2,IF('امتیاز دهی خبرگان'!$K10=2,'طیف فازی'!$C$3,IF('امتیاز دهی خبرگان'!$K10=3,'طیف فازی'!$C$4,IF('امتیاز دهی خبرگان'!$K10=4,'طیف فازی'!$C$5,'طیف فازی'!$C$6))))) -> 1 | AC10: =IF('امتیاز دهی خبرگان'!$K10=0,0,IF('امتیاز دهی خبرگان'!$K10=1,'طیف فازی'!$D$2,IF('امتیاز دهی خبرگان'!$K10=2,'طیف فازی'!$D$3,IF('امتیاز دهی خبرگان'!$K10=3,'طیف فازی'!$D$4,IF('امتیاز دهی خبرگان'!$K10=4,'طیف فازی'!$D$5,'طیف فازی'!$D$6))))) -> 1 | AD10: =IF('امتیاز دهی خبرگان'!$L10=0,0,IF('امتیاز دهی خبرگان'!$L10=1,'طیف فازی'!$B$2,IF('امتیاز دهی خبرگان'!$L10=2,'طیف فازی'!$B$3,IF('امتیاز دهی خبرگان'!$L10=3,'طیف فازی'!$B$4,IF('امتیاز دهی خبرگان'!$L10=4,'طیف فازی'!$B$5,'طیف فازی'!$B$6))))) -> 0.75 | AE10: =IF('امتیاز دهی خبرگان'!$L10=0,0,IF('امتیاز دهی خبرگان'!$L10=1,'طیف فازی'!$C$2,IF('امتیاز دهی خبرگان'!$L10=2,'طیف فازی'!$C$3,IF('امتیاز دهی خبرگان'!$L10=3,'طیف فازی'!$C$4,IF('امتیاز دهی خبرگان'!$L10=4,'طیف فازی'!$C$5,'طیف فازی'!$C$6))))) -> 1 | AF10: =IF('امتیاز دهی خبرگان'!$L10=0,0,IF('امتیاز دهی خبرگان'!$L10=1,'طیف فازی'!$D$2,IF('امتیاز دهی خبرگان'!$L10=2,'طیف فازی'!$D$3,IF('امتیاز دهی خبرگان'!$L10=3,'طیف فازی'!$D$4,IF('امتیاز دهی خبرگان'!$L10=4,'طیف فازی'!$D$5,'طیف فازی'!$D$6))))) -> 1 | AG10: =IF('امتیاز دهی خبرگان'!$M10=0,0,IF('امتیاز دهی خبرگان'!$M10=1,'طیف فازی'!$B$2,IF('امتیاز دهی خبرگان'!$M10=2,'طیف فازی'!$B$3,IF('امتیاز دهی خبرگان'!$M10=3,'طیف فازی'!$B$4,IF('امتیاز دهی خبرگان'!$M10=4,'طیف فازی'!$B$5,'طیف فازی'!$B$6))))) -> 0.5 | AH10: =IF('امتیاز دهی خبرگان'!$M10=0,0,IF('امتیاز دهی خبرگان'!$M10=1,'طیف فازی'!$C$2,IF('امتیاز دهی خبرگان'!$M10=2,'طیف فازی'!$C$3,IF('امتیاز دهی خبرگان'!$M10=3,'طیف فازی'!$C$4,IF('امتیاز دهی خبرگان'!$M10=4,'طیف فازی'!$C$5,'طیف فازی'!$C$6))))) -> 0.75 | AI10: =IF('امتیاز دهی خبرگان'!$M10=0,0,IF('امتیاز دهی خبرگان'!$M10=1,'طیف فازی'!$D$2,IF('امتیاز دهی خبرگان'!$M10=2,'طیف فازی'!$D$3,IF('امتیاز دهی خبرگان'!$M10=3,'طیف فازی'!$D$4,IF('امتیاز دهی خبرگان'!$M10=4,'طیف فازی'!$D$5,'طیف فازی'!$D$6))))) -> 1 | AJ10: =IF('امتیاز دهی خبرگان'!$N10=0,0,IF('امتیاز دهی خبرگان'!$N10=1,'طیف فازی'!$B$2,IF('امتیاز دهی خبرگان'!$N10=2,'طیف فازی'!$B$3,IF('امتیاز دهی خبرگان'!$N10=3,'طیف فازی'!$B$4,IF('امتیاز دهی خبرگان'!$N10=4,'طیف فازی'!$B$5,'طیف فازی'!$B$6))))) -> 0.75 | AK10: =IF('امتیاز دهی خبرگان'!$N10=0,0,IF('امتیاز دهی خبرگان'!$N10=1,'طیف فازی'!$C$2,IF('امتیاز دهی خبرگان'!$N10=2,'طیف فازی'!$C$3,IF('امتیاز دهی خبرگان'!$N10=3,'طیف فازی'!$C$4,IF('امتیاز دهی خبرگان'!$N10=4,'طیف فازی'!$C$5,'طیف فازی'!$C$6))))) -> 1 | AL10: =IF('امتیاز دهی خبرگان'!$N10=0,0,IF('امتیاز دهی خبرگان'!$N10=1,'طیف فازی'!$D$2,IF('امتیاز دهی خبرگان'!$N10=2,'طیف فازی'!$D$3,IF('امتیاز دهی خبرگان'!$N10=3,'طیف فازی'!$D$4,IF('امتیاز دهی خبرگان'!$N10=4,'طیف فازی'!$D$5,'طیف فازی'!$D$6))))) -> 1 | AM10: =C10+F10+I10+L10+O10+R10+U10+X10+AA10+AD10+AG10+AJ10 -> 6.75 | AN10: =D10+G10+J10+M10+P10+S10+V10+Y10+AB10+AE10+AH10+AK10 -> 9.75 | AO10: =E10+H10+K10+N10+Q10+T10+W10+Z10+AC10+AF10+AI10+AL10 -> 11 | AP10: =(AM10)/$AU$4 -> 0.5625 | AQ10: =(AN10)/$AU$4 -> 0.8125 | AR10: =(AO10)/$AU$4 -> 0.91666667 | AS10: =AVERAGE(AP10:AR10) -> 0.76388889 | AT10: =IF(AS10>=0.7,"Pass","Not Pass") -> Pass
B11: 9 | C11: =IF('امتیاز دهی خبرگان'!$C11=0,0,IF('امتیاز دهی خبرگان'!$C11=1,'طیف فازی'!$B$2,IF('امتیاز دهی خبرگان'!$C11=2,'طیف فازی'!$B$3,IF('امتیاز دهی خبرگان'!$C11=3,'طیف فازی'!$B$4,IF('امتیاز دهی خبرگان'!$C11=4,'طیف فازی'!$B$5,'طیف فازی'!$B$6))))) -> 0.75 | D11: =IF('امتیاز دهی خبرگان'!$C11=0,0,IF('امتیاز دهی خبرگان'!$C11=1,'طیف فازی'!$C$2,IF('امتیاز دهی خبرگان'!$C11=2,'طیف فازی'!$C$3,IF('امتیاز دهی خبرگان'!$C11=3,'طیف فازی'!$C$4,IF('امتیاز دهی خبرگان'!$C11=4,'طیف فازی'!$C$5,'طیف فازی'!$C$6))))) -> 1 | E11: =IF('امتیاز دهی خبرگان'!$C11=0,0,IF('امتیاز دهی خبرگان'!$C11=1,'طیف فازی'!$D$2,IF('امتیاز دهی خبرگان'!$C11=2,'طیف فازی'!$D$3,IF('امتیاز دهی خبرگان'!$C11=3,'طیف فازی'!$D$4,IF('امتیاز دهی خبرگان'!$C11=4,'طیف فازی'!$D$5,'طیف فازی'!$D$6))))) -> 1 | F11: =IF('امتیاز دهی خبرگان'!$D11=0,0,IF('امتیاز دهی خبرگان'!$D11=1,'طیف فازی'!$B$2,IF('امتیاز دهی خبرگان'!$D11=2,'طیف فازی'!$B$3,IF('امتیاز دهی خبرگان'!$D11=3,'طیف فازی'!$B$4,IF('امتیاز دهی خبرگان'!$D11=4,'طیف فازی'!$B$5,'طیف فازی'!$B$6))))) -> 0.25 | G11: =IF('امتیاز دهی خبرگان'!$D11=0,0,IF('امتیاز دهی خبرگان'!$D11=1,'طیف فازی'!$D$2,IF('امتیاز دهی خبرگان'!$D11=2,'طیف فازی'!$C$3,IF('امتیاز دهی خبرگان'!$D11=3,'طیف فازی'!$C$4,IF('امتیاز دهی خبرگان'!$D11=4,'طیف فازی'!$C$5,'طیف فازی'!$C$6))))) -> 0.5 | H11: =IF('امتیاز دهی خبرگان'!$D11=0,0,IF('امتیاز دهی خبرگان'!$D11=1,'طیف فازی'!$D$2,IF('امتیاز دهی خبرگان'!$D11=2,'طیف فازی'!$D$3,IF('امتیاز دهی خبرگان'!$D11=3,'طیف فازی'!$D$4,IF('امتیاز دهی خبرگان'!$D11=4,'طیف فازی'!$D$5,'طیف فازی'!$D$6))))) -> 0.75 | I11: =IF('امتیاز دهی خبرگان'!$E11=0,0,IF('امتیاز دهی خبرگان'!$E11=1,'طیف فازی'!$B$2,IF('امتیاز دهی خبرگان'!$E11=2,'طیف فازی'!$B$3,IF('امتیاز دهی خبرگان'!$E11=3,'طیف فازی'!$B$4,IF('امتیاز دهی خبرگان'!$E11=4,'طیف فازی'!$B$5,'طیف فازی'!$B$6))))) -> 0.75 | J11: =IF('امتیاز دهی خبرگان'!$E11=0,0,IF('امتیاز دهی خبرگان'!$E11=1,'طیف فازی'!$C$2,IF('امتیاز دهی خبرگان'!$E11=2,'طیف فازی'!$C$3,IF('امتیاز دهی خبرگان'!$E11=3,'طیف فازی'!$C$4,IF('امتیاز دهی خبرگان'!$E11=4,'طیف فازی'!$C$5,'طیف فازی'!$C$6))))) -> 1 | K11: =IF('امتیاز دهی خبرگان'!$E11=0,0,IF('امتیاز دهی خبرگان'!$E11=1,'طیف فازی'!$D$2,IF('امتیاز دهی خبرگان'!$E11=2,'طیف فازی'!$D$3,IF('امتیاز دهی خبرگان'!$E11=3,'طیف فازی'!$D$4,IF('امتیاز دهی خبرگان'!$E11=4,'طیف فازی'!$D$5,'طیف فازی'!$D$6))))) -> 1 | L11: =IF('امتیاز دهی خبرگان'!$F11=0,0,IF('امتیاز دهی خبرگان'!$F11=1,'طیف فازی'!$B$2,IF('امتیاز دهی خبرگان'!$F11=2,'طیف فازی'!$B$3,IF('امتیاز دهی خبرگان'!$F11=3,'طیف فازی'!$B$4,IF('امتیاز دهی خبرگان'!$F11=4,'طیف فازی'!$B$5,'طیف فازی'!$B$6))))) -> 0.5 | M11: =IF('امتیاز دهی خبرگان'!$F11=0,0,IF('امتیاز دهی خبرگان'!$F11=1,'طیف فازی'!$C$2,IF('امتیاز دهی خبرگان'!$F11=2,'طیف فازی'!$C$3,IF('امتیاز دهی خبرگان'!$F11=3,'طیف فازی'!$C$4,IF('امتیاز دهی خبرگان'!$F11=4,'طیف فازی'!$C$5,'طیف فازی'!$C$6))))) -> 0.75 | N11: =IF('امتیاز دهی خبرگان'!$F11=0,0,IF('امتیاز دهی خبرگان'!$F11=1,'طیف فازی'!$D$2,IF('امتیاز دهی خبرگان'!$F11=2,'طیف فازی'!$D$3,IF('امتیاز دهی خبرگان'!$F11=3,'طیف فازی'!$D$4,IF('امتیاز دهی خبرگان'!$F11=4,'طیف فازی'!$D$5,'طیف فازی'!$D$6))))) -> 1 | O11: =IF('امتیاز دهی خبرگان'!$G11=0,0,IF('امتیاز دهی خبرگان'!$G11=1,'طیف فازی'!$B$2,IF('امتیاز دهی خبرگان'!$G11=2,'طیف فازی'!$B$3,IF('امتیاز دهی خبرگان'!$G11=3,'طیف فازی'!$B$4,IF('امتیاز دهی خبرگان'!$G11=4,'طیف فازی'!$B$5,'طیف فازی'!$B$6))))) -> 0.75 | P11: =IF('امتیاز دهی خبرگان'!$G11=0,0,IF('امتیاز دهی خبرگان'!$G11=1,'طیف فازی'!$C$2,IF('امتیاز دهی خبرگان'!$G11=2,'طیف فازی'!$C$3,IF('امتیاز دهی خبرگان'!$G11=3,'طیف فازی'!$C$4,IF('امتیاز دهی خبرگان'!$G11=4,'طیف فازی'!$C$5,'طیف فازی'!$C$6))))) -> 1 | Q11: =IF('امتیاز دهی خبرگان'!$G11=0,0,IF('امتیاز دهی خبرگان'!$G11=1,'طیف فازی'!$D$2,IF('امتیاز دهی خبرگان'!$G11=2,'طیف فازی'!$D$3,IF('امتیاز دهی خبرگان'!$G11=3,'طیف فازی'!$D$4,IF('امتیاز دهی خبرگان'!$G11=4,'طیف فازی'!$D$5,'طیف فازی'!$D$6))))) -> 1 | R11: =IF('امتیاز دهی خبرگان'!$H11=0,0,IF('امتیاز دهی خبرگان'!$H11=1,'طیف فازی'!$B$2,IF('امتیاز دهی خبرگان'!$H11=2,'طیف فازی'!$B$3,IF('امتیاز دهی خبرگان'!$H11=3,'طیف فازی'!$B$4,IF('امتیاز دهی خبرگان'!$H11=4,'طیف فازی'!$B$5,'طیف فازی'!$B$6))))) -> 0.5 | S11: =IF('امتیاز دهی خبرگان'!$H11=0,0,IF('امتیاز دهی خبرگان'!$H11=1,'طیف فازی'!$C$2,IF('امتیاز دهی خبرگان'!$H11=2,'طیف فازی'!$C$3,IF('امتیاز دهی خبرگان'!$H11=3,'طیف فازی'!$C$4,IF('امتیاز دهی خبرگان'!$H11=4,'طیف فازی'!$C$5,'طیف فازی'!$C$6))))) -> 0.75 | T11: =IF('امتیاز دهی خبرگان'!$H11=0,0,IF('امتیاز دهی خبرگان'!$H11=1,'طیف فازی'!$D$2,IF('امتیاز دهی خبرگان'!$H11=2,'طیف فازی'!$D$3,IF('امتیاز دهی خبرگان'!$H11=3,'طیف فازی'!$D$4,IF('امتیاز دهی خبرگان'!$H11=4,'طیف فازی'!$D$5,'طیف فازی'!$D$6))))) -> 1 | U11: =IF('امتیاز دهی خبرگان'!$I11=0,0,IF('امتیاز دهی خبرگان'!$I11=1,'طیف فازی'!$B$2,IF('امتیاز دهی خبرگان'!$I11=2,'طیف فازی'!$B$3,IF('امتیاز دهی خبرگان'!$I11=3,'طیف فازی'!$B$4,IF('امتیاز دهی خبرگان'!$I11=4,'طیف فازی'!$B$5,'طیف فازی'!$B$6))))) -> 0.75 | V11: =IF('امتیاز دهی خبرگان'!$I11=0,0,IF('امتیاز دهی خبرگان'!$I11=1,'طیف فازی'!$C$2,IF('امتیاز دهی خبرگان'!$I11=2,'طیف فازی'!$C$3,IF('امتیاز دهی خبرگان'!$I11=3,'طیف فازی'!$C$4,IF('امتیاز دهی خبرگان'!$I11=4,'طیف فازی'!$C$5,'طیف فازی'!$C$6))))) -> 1 | W11: =IF('امتیاز دهی خبرگان'!$I11=0,0,IF('امتیاز دهی خبرگان'!$I11=1,'طیف فازی'!$D$2,IF('امتیاز دهی خبرگان'!$I11=2,'طیف فازی'!$D$3,IF('امتیاز دهی خبرگان'!$I11=3,'طیف فازی'!$D$4,IF('امتیاز دهی خبرگان'!$I11=4,'طیف فازی'!$D$5,'طیف فازی'!$D$6))))) -> 1 | X11: =IF('امتیاز دهی خبرگان'!$J11=0,0,IF('امتیاز دهی خبرگان'!$J11=1,'طیف فازی'!$B$2,IF('امتیاز دهی خبرگان'!$J11=2,'طیف فازی'!$B$3,IF('امتیاز دهی خبرگان'!$J11=3,'طیف فازی'!$B$4,IF('امتیاز دهی خبرگان'!$J11=4,'طیف فازی'!$B$5,'طیف فازی'!$B$6))))) -> 0.5 | Y11: =IF('امتیاز دهی خبرگان'!$J11=0,0,IF('امتیاز دهی خبرگان'!$J11=1,'طیف فازی'!$C$2,IF('امتیاز دهی خبرگان'!$J11=2,'طیف فازی'!$C$3,IF('امتیاز دهی خبرگان'!$J11=3,'طیف فازی'!$C$4,IF('امتیاز دهی خبرگان'!$J11=4,'طیف فازی'!$C$5,'طیف فازی'!$C$6))))) -> 0.75 | Z11: =IF('امتیاز دهی خبرگان'!$J11=0,0,IF('امتیاز دهی خبرگان'!$J11=1,'طیف فازی'!$D$2,IF('امتیاز دهی خبرگان'!$J11=2,'طیف فازی'!$D$3,IF('امتیاز دهی خبرگان'!$J11=3,'طیف فازی'!$D$4,IF('امتیاز دهی خبرگان'!$J11=4,'طیف فازی'!$D$5,'طیف فازی'!$D$6))))) -> 1 | AA11: =IF('امتیاز دهی خبرگان'!$K11=0,0,IF('امتیاز دهی خبرگان'!$K11=1,'طیف فازی'!$B$2,IF('امتیاز دهی خبرگان'!$K11=2,'طیف فازی'!$B$3,IF('امتیاز دهی خبرگان'!$K11=3,'طیف فازی'!$B$4,IF('امتیاز دهی خبرگان'!$K11=4,'طیف فازی'!$B$5,'طیف فازی'!$B$6))))) -> 0.75 | AB11: =IF('امتیاز دهی خبرگان'!$K11=0,0,IF('امتیاز دهی خبرگان'!$K11=1,'طیف فازی'!$C$2,IF('امتیاز دهی خبرگان'!$K11=2,'طیف فازی'!$C$3,IF('امتیاز دهی خبرگان'!$K11=3,'طیف فازی'!$C$4,IF('امتیاز دهی خبرگان'!$K11=4,'طیف فازی'!$C$5,'طیف فازی'!$C$6))))) -> 1 | AC11: =IF('امتیاز دهی خبرگان'!$K11=0,0,IF('امتیاز دهی خبرگان'!$K11=1,'طیف فازی'!$D$2,IF('امتیاز دهی خبرگان'!$K11=2,'طیف فازی'!$D$3,IF('امتیاز دهی خبرگان'!$K11=3,'طیف فازی'!$D$4,IF('امتیاز دهی خبرگان'!$K11=4,'طیف فازی'!$D$5,'طیف فازی'!$D$6))))) -> 1 | AD11: =IF('امتیاز دهی خبرگان'!$L11=0,0,IF('امتیاز دهی خبرگان'!$L11=1,'طیف فازی'!$B$2,IF('امتیاز دهی خبرگان'!$L11=2,'طیف فازی'!$B$3,IF('امتیاز دهی خبرگان'!$L11=3,'طیف فازی'!$B$4,IF('امتیاز دهی خبرگان'!$L11=4,'طیف فازی'!$B$5,'طیف فازی'!$B$6))))) -> 0.75 | AE11: =IF('امتیاز دهی خبرگان'!$L11=0,0,IF('امتیاز دهی خبرگان'!$L11=1,'طیف فازی'!$C$2,IF('امتیاز دهی خبرگان'!$L11=2,'طیف فازی'!$C$3,IF('امتیاز دهی خبرگان'!$L11=3,'طیف فازی'!$C$4,IF('امتیاز دهی خبرگان'!$L11=4,'طیف فازی'!$C$5,'طیف فازی'!$C$6))))) -> 1 | AF11: =IF('امتیاز دهی خبرگان'!$L11=0,0,IF('امتیاز دهی خبرگان'!$L11=1,'طیف فازی'!$D$2,IF('امتیاز دهی خبرگان'!$L11=2,'طیف فازی'!$D$3,IF('امتیاز دهی خبرگان'!$L11=3,'طیف فازی'!$D$4,IF('امتیاز دهی خبرگان'!$L11=4,'طیف فازی'!$D$5,'طیف فازی'!$D$6))))) -> 1 | AG11: =IF('امتیاز دهی خبرگان'!$M11=0,0,IF('امتیاز دهی خبرگان'!$M11=1,'طیف فازی'!$B$2,IF('امتیاز دهی خبرگان'!$M11=2,'طیف فازی'!$B$3,IF('امتیاز دهی خبرگان'!$M11=3,'طیف فازی'!$B$4,IF('امتیاز دهی خبرگان'!$M11=4,'طیف فازی'!$B$5,'طیف فازی'!$B$6))))) -> 0.5 | AH11: =IF('امتیاز دهی خبرگان'!$M11=0,0,IF('امتیاز دهی خبرگان'!$M11=1,'طیف فازی'!$C$2,IF('امتیاز دهی خبرگان'!$M11=2,'طیف فازی'!$C$3,IF('امتیاز دهی خبرگان'!$M11=3,'طیف فازی'!$C$4,IF('امتیاز دهی خبرگان'!$M11=4,'طیف فازی'!$C$5,'طیف فازی'!$C$6))))) -> 0.75 | AI11: =IF('امتیاز دهی خبرگان'!$M11=0,0,IF('امتیاز دهی خبرگان'!$M11=1,'طیف فازی'!$D$2,IF('امتیاز دهی خبرگان'!$M11=2,'طیف فازی'!$D$3,IF('امتیاز دهی خبرگان'!$M11=3,'طیف فازی'!$D$4,IF('امتیاز دهی خبرگان'!$M11=4,'طیف فازی'!$D$5,'طیف فازی'!$D$6))))) -> 1 | AJ11: =IF('امتیاز دهی خبرگان'!$N11=0,0,IF('امتیاز دهی خبرگان'!$N11=1,'طیف فازی'!$B$2,IF('امتیاز دهی خبرگان'!$N11=2,'طیف فازی'!$B$3,IF('امتیاز دهی خبرگان'!$N11=3,'طیف فازی'!$B$4,IF('امتیاز دهی خبرگان'!$N11=4,'طیف فازی'!$B$5,'طیف فازی'!$B$6))))) -> 0.5 | AK11: =IF('امتیاز دهی خبرگان'!$N11=0,0,IF('امتیاز دهی خبرگان'!$N11=1,'طیف فازی'!$C$2,IF('امتیاز دهی خبرگان'!$N11=2,'طیف فازی'!$C$3,IF('امتیاز دهی خبرگان'!$N11=3,'طیف فازی'!$C$4,IF('امتیاز دهی خبرگان'!$N11=4,'طیف فازی'!$C$5,'طیف فازی'!$C$6))))) -> 0.75 | AL11: =IF('امتیاز دهی خبرگان'!$N11=0,0,IF('امتیاز دهی خبرگان'!$N11=1,'طیف فازی'!$D$2,IF('امتیاز دهی خبرگان'!$N11=2,'طیف فازی'!$D$3,IF('امتیاز دهی خبرگان'!$N11=3,'طیف فازی'!$D$4,IF('امتیاز دهی خبرگان'!$N11=4,'طیف فازی'!$D$5,'طیف فازی'!$D$6))))) -> 1 | AM11: =C11+F11+I11+L11+O11+R11+U11+X11+AA11+AD11+AG11+AJ11 -> 7.25 | AN11: =D11+G11+J11+M11+P11+S11+V11+Y11+AB11+AE11+AH11+AK11 -> 10.25 | AO11: =E11+H11+K11+N11+Q11+T11+W11+Z11+AC11+AF11+AI11+AL11 -> 11.75 | AP11: =(AM11)/$AU$4 -> 0.60416667 | AQ11: =(AN11)/$AU$4 -> 0.85416667 | AR11: =(AO11)/$AU$4 -> 0.97916667 | AS11: =AVERAGE(AP11:AR11) -> 0.8125 | AT11: =IF(AS11>=0.7,"Pass","Not Pass") -> Pass
B12: 10 | C12: =IF('امتیاز دهی خبرگان'!$C12=0,0,IF('امتیاز دهی خبرگان'!$C12=1,'طیف فازی'!$B$2,IF('امتیاز دهی خبرگان'!$C12=2,'طیف فازی'!$B$3,IF('امتیاز دهی خبرگان'!$C12=3,'طیف فازی'!$B$4,IF('امتیاز دهی خبرگان'!$C12=4,'طیف فازی'!$B$5,'طیف فازی'!$B$6))))) -> 0.5 | D12: =IF('امتیاز دهی خبرگان'!$C12=0,0,IF('امتیاز دهی خبرگان'!$C12=1,'طیف فازی'!$C$2,IF('امتیاز دهی خبرگان'!$C12=2,'طیف فازی'!$C$3,IF('امتیاز دهی خبرگان'!$C12=3,'طیف فازی'!$C$4,IF('امتیاز دهی خبرگان'!$C12=4,'طیف فازی'!$C$5,'طیف فازی'!$C$6))))) -> 0.75 | E12: =IF('امتیاز دهی خبرگان'!$C12=0,0,IF('امتیاز دهی خبرگان'!$C12=1,'طیف فازی'!$D$2,IF('امتیاز دهی خبرگان'!$C12=2,'طیف فازی'!$D$3,IF('امتیاز دهی خبرگان'!$C12=3,'طیف فازی'!$D$4,IF('امتیاز دهی خبرگان'!$C12=4,'طیف فازی'!$D$5,'طیف فازی'!$D$6))))) -> 1 | F12: =IF('امتیاز دهی خبرگان'!$D12=0,0,IF('امتیاز دهی خبرگان'!$D12=1,'طیف فازی'!$B$2,IF('امتیاز دهی خبرگان'!$D12=2,'طیف فازی'!$B$3,IF('امتیاز دهی خبرگان'!$D12=3,'طیف فازی'!$B$4,IF('امتیاز دهی خبرگان'!$D12=4,'طیف فازی'!$B$5,'طیف فازی'!$B$6))))) -> 0.25 | G12: =IF('امتیاز دهی خبرگان'!$D12=0,0,IF('امتیاز دهی خبرگان'!$D12=1,'طیف فازی'!$D$2,IF('امتیاز دهی خبرگان'!$D12=2,'طیف فازی'!$C$3,IF('امتیاز دهی خبرگان'!$D12=3,'طیف فازی'!$C$4,IF('امتیاز دهی خبرگان'!$D12=4,'طیف فازی'!$C$5,'طیف فازی'!$C$6))))) -> 0.5 | H12: =IF('امتیاز دهی خبرگان'!$D12=0,0,IF('امتیاز دهی خبرگان'!$D12=1,'طیف فازی'!$D$2,IF('امتیاز دهی خبرگان'!$D12=2,'طیف فازی'!$D$3,IF('امتیاز دهی خبرگان'!$D12=3,'طیف فازی'!$D$4,IF('امتیاز دهی خبرگان'!$D12=4,'طیف فازی'!$D$5,'طیف فازی'!$D$6))))) -> 0.75 | I12: =IF('امتیاز دهی خبرگان'!$E12=0,0,IF('امتیاز دهی خبرگان'!$E12=1,'طیف فازی'!$B$2,IF('امتیاز دهی خبرگان'!$E12=2,'طیف فازی'!$B$3,IF('امتیاز دهی خبرگان'!$E12=3,'طیف فازی'!$B$4,IF('امتیاز دهی خبرگان'!$E12=4,'طیف فازی'!$B$5,'طیف فازی'!$B$6))))) -> 0.75 | J12: =IF('امتیاز دهی خبرگان'!$E12=0,0,IF('امتیاز دهی خبرگان'!$E12=1,'طیف فازی'!$C$2,IF('امتیاز دهی خبرگان'!$E12=2,'طیف فازی'!$C$3,IF('امتیاز دهی خبرگان'!$E12=3,'طیف فازی'!$C$4,IF('امتیاز دهی خبرگان'!$E12=4,'طیف فازی'!$C$5,'طیف فازی'!$C$6))))) -> 1 | K12: =IF('امتیاز دهی خبرگان'!$E12=0,0,IF('امتیاز دهی خبرگان'!$E12=1,'طیف فازی'!$D$2,IF('امتیاز دهی خبرگان'!$E12=2,'طیف فازی'!$D$3,IF('امتیاز دهی خبرگان'!$E12=3,'طیف فازی'!$D$4,IF('امتیاز دهی خبرگان'!$E12=4,'طیف فازی'!$D$5,'طیف فازی'!$D$6))))) -> 1 | L12: =IF('امتیاز دهی خبرگان'!$F12=0,0,IF('امتیاز دهی خبرگان'!$F12=1,'طیف فازی'!$B$2,IF('امتیاز دهی خبرگان'!$F12=2,'طیف فازی'!$B$3,IF('امتیاز دهی خبرگان'!$F12=3,'طیف فازی'!$B$4,IF('امتیاز دهی خبرگان'!$F12=4,'طیف فازی'!$B$5,'طیف فازی'!$B$6))))) -> 0.5 | M12: =IF('امتیاز دهی خبرگان'!$F12=0,0,IF('امتیاز دهی خبرگان'!$F12=1,'طیف فازی'!$C$2,IF('امتیاز دهی خبرگان'!$F12=2,'طیف فازی'!$C$3,IF('امتیاز دهی خبرگان'!$F12=3,'طیف فازی'!$C$4,IF('امتیاز دهی خبرگان'!$F12=4,'طیف فازی'!$C$5,'طیف فازی'!$C$6))))) -> 0.75 | N12: =IF('امتیاز دهی خبرگان'!$F12=0,0,IF('امتیاز دهی خبرگان'!$F12=1,'طیف فازی'!$D$2,IF('امتیاز دهی خبرگان'!$F12=2,'طیف فازی'!$D$3,IF('امتیاز دهی خبرگان'!$F12=3,'طیف فازی'!$D$4,IF('امتیاز دهی خبرگان'!$F12=4,'طیف فازی'!$D$5,'طیف فازی'!$D$6))))) -> 1 | O12: =IF('امتیاز دهی خبرگان'!$G12=0,0,IF('امتیاز دهی خبرگان'!$G12=1,'طیف فازی'!$B$2,IF('امتیاز دهی خبرگان'!$G12=2,'طیف فازی'!$B$3,IF('امتیاز دهی خبرگان'!$G12=3,'طیف فازی'!$B$4,IF('امتیاز دهی خبرگان'!$G12=4,'طیف فازی'!$B$5,'طیف فازی'!$B$6))))) -> 0.5 | P12: =IF('امتیاز دهی خبرگان'!$G12=0,0,IF('امتیاز دهی خبرگان'!$G12=1,'طیف فازی'!$C$2,IF('امتیاز دهی خبرگان'!$G12=2,'طیف فازی'!$C$3,IF('امتیاز دهی خبرگان'!$G12=3,'طیف فازی'!$C$4,IF('امتیاز دهی خبرگان'!$G12=4,'طیف فازی'!$C$5,'طیف فازی'!$C$6))))) -> 0.75 | Q12: =IF('امتیاز دهی خبرگان'!$G12=0,0,IF('امتیاز دهی خبرگان'!$G12=1,'طیف فازی'!$D$2,IF('امتیاز دهی خبرگان'!$G12=2,'طیف فازی'!$D$3,IF('امتیاز دهی خبرگان'!$G12=3,'طیف فازی'!$D$4,IF('امتیاز دهی خبرگان'!$G12=4,'طیف فازی'!$D$5,'طیف فازی'!$D$6))))) -> 1 | R12: =IF('امتیاز دهی خبرگان'!$H12=0,0,IF('امتیاز دهی خبرگان'!$H12=1,'طیف فازی'!$B$2,IF('امتیاز دهی خبرگان'!$H12=2,'طیف فازی'!$B$3,IF('امتیاز دهی خبرگان'!$H12=3,'طیف فازی'!$B$4,IF('امتیاز دهی خبرگان'!$H12=4,'طیف فازی'!$B$5,'طیف فازی'!$B$6))))) -> 0.5 | S12: =IF('امتیاز دهی خبرگان'!$H12=0,0,IF('امتیاز دهی خبرگان'!$H12=1,'طیف فازی'!$C$2,IF('امتیاز دهی خبرگان'!$H12=2,'طیف فازی'!$C$3,IF('امتیاز دهی خبرگان'!$H12=3,'طیف فازی'!$C$4,IF('امتیاز دهی خبرگان'!$H12=4,'طیف فازی'!$C$5,'طیف فازی'!$C$6))))) -> 0.75 | T12: =IF('امتیاز دهی خبرگان'!$H12=0,0,IF('امتیاز دهی خبرگان'!$H12=1,'طیف فازی'!$D$2,IF('امتیاز دهی خبرگان'!$H12=2,'طیف فازی'!$D$3,IF('امتیاز دهی خبرگان'!$H12=3,'طیف فازی'!$D$4,IF('امتیاز دهی خبرگان'!$H12=4,'طیف فازی'!$D$5,'طیف فازی'!$D$6))))) -> 1 | U12: =IF('امتیاز دهی خبرگان'!$I12=0,0,IF('امتیاز دهی خبرگان'!$I12=1,'طیف فازی'!$B$2,IF('امتیاز دهی خبرگان'!$I12=2,'طیف فازی'!$B$3,IF('امتیاز دهی خبرگان'!$I12=3,'طیف فازی'!$B$4,IF('امتیاز دهی خبرگان'!$I12=4,'طیف فازی'!$B$5,'طیف فازی'!$B$6))))) -> 0.5 | V12: =IF('امتیاز دهی خبرگان'!$I12=0,0,IF('امتیاز دهی خبرگان'!$I12=1,'طیف فازی'!$C$2,IF('امتیاز دهی خبرگان'!$I12=2,'طیف فازی'!$C$3,IF('امتیاز دهی خبرگان'!$I12=3,'طیف فازی'!$C$4,IF('امتیاز دهی خبرگان'!$I12=4,'طیف فازی'!$C$5,'طیف فازی'!$C$6))))) -> 0.75 | W12: =IF('امتیاز دهی خبرگان'!$I12=0,0,IF('امتیاز دهی خبرگان'!$I12=1,'طیف فازی'!$D$2,IF('امتیاز دهی خبرگان'!$I12=2,'طیف فازی'!$D$3,IF('امتیاز دهی خبرگان'!$I12=3,'طیف فازی'!$D$4,IF('امتیاز دهی خبرگان'!$I12=4,'طیف فازی'!$D$5,'طیف فازی'!$D$6))))) -> 1 | X12: =IF('امتیاز دهی خبرگان'!$J12=0,0,IF('امتیاز دهی خبرگان'!$J12=1,'طیف فازی'!$B$2,IF('امتیاز دهی خبرگان'!$J12=2,'طیف فازی'!$B$3,IF('امتیاز دهی خبرگان'!$J12=3,'طیف فازی'!$B$4,IF('امتیاز دهی خبرگان'!$J12=4,'طیف فازی'!$B$5,'طیف فازی'!$B$6))))) -> 0.5 | Y12: =IF('امتیاز دهی خبرگان'!$J12=0,0,IF('امتیاز دهی خبرگان'!$J12=1,'طیف فازی'!$C$2,IF('امتیاز دهی خبرگان'!$J12=2,'طیف فازی'!$C$3,IF('امتیاز دهی خبرگان'!$J12=3,'طیف فازی'!$C$4,IF('امتیاز دهی خبرگان'!$J12=4,'طیف فازی'!$C$5,'طیف فازی'!$C$6))))) -> 0.75 | Z12: =IF('امتیاز دهی خبرگان'!$J12=0,0,IF('امتیاز دهی خبرگان'!$J12=1,'طیف فازی'!$D$2,IF('امتیاز دهی خبرگان'!$J12=2,'طیف فازی'!$D$3,IF('امتیاز دهی خبرگان'!$J12=3,'طیف فازی'!$D$4,IF('امتیاز دهی خبرگان'!$J12=4,'طیف فازی'!$D$5,'طیف فازی'!$D$6))))) -> 1 | AA12: =IF('امتیاز دهی خبرگان'!$K12=0,0,IF('امتیاز دهی خبرگان'!$K12=1,'طیف فازی'!$B$2,IF('امتیاز دهی خبرگان'!$K12=2,'طیف فازی'!$B$3,IF('امتیاز دهی خبرگان'!$K12=3,'طیف فازی'!$B$4,IF('امتیاز دهی خبرگان'!$K12=4,'طیف فازی'!$B$5,'طیف فازی'!$B$6))))) -> 0.5 | AB12: =IF('امتیاز دهی خبرگان'!$K12=0,0,IF('امتیاز دهی خبرگان'!$K12=1,'طیف فازی'!$C$2,IF('امتیاز دهی خبرگان'!$K12=2,'طیف فازی'!$C$3,IF('امتیاز دهی خبرگان'!$K12=3,'طیف فازی'!$C$4,IF('امتیاز دهی خبرگان'!$K12=4,'طیف فازی'!$C$5,'طیف فازی'!$C$6))))) -> 0.75 | AC12: =IF('امتیاز دهی خبرگان'!$K12=0,0,IF('امتیاز دهی خبرگان'!$K12=1,'طیف فازی'!$D$2,IF('امتیاز دهی خبرگان'!$K12=2,'طیف فازی'!$D$3,IF('امتیاز دهی خبرگان'!$K12=3,'طیف فازی'!$D$4,IF('امتیاز دهی خبرگان'!$K12=4,'طیف فازی'!$D$5,'طیف فازی'!$D$6))))) -> 1 | AD12: =IF('امتیاز دهی خبرگان'!$L12=0,0,IF('امتیاز دهی خبرگان'!$L12=1,'طیف فازی'!$B$2,IF('امتیاز دهی خبرگان'!$L12=2,'طیف فازی'!$B$3,IF('امتیاز دهی خبرگان'!$L12=3,'طیف فازی'!$B$4,IF('امتیاز دهی خبرگان'!$L12=4,'طیف فازی'!$B$5,'طیف فازی'!$B$6))))) -> 0.5 | AE12: =IF('امتیاز دهی خبرگان'!$L12=0,0,IF('امتیاز دهی خبرگان'!$L12=1,'طیف فازی'!$C$2,IF('امتیاز دهی خبرگان'!$L12=2,'طیف فازی'!$C$3,IF('امتیاز دهی خبرگان'!$L12=3,'طیف فازی'!$C$4,IF('امتیاز دهی خبرگان'!$L12=4,'طیف فازی'!$C$5,'طیف فازی'!$C$6))))) -> 0.75 | AF12: =IF('امتیاز دهی خبرگان'!$L12=0,0,IF('امتیاز دهی خبرگان'!$L12=1,'طیف فازی'!$D$2,IF('امتیاز دهی خبرگان'!$L12=2,'طیف فازی'!$D$3,IF('امتیاز دهی خبرگان'!$L12=3,'طیف فازی'!$D$4,IF('امتیاز دهی خبرگان'!$L12=4,'طیف فازی'!$D$5,'طیف فازی'!$D$6))))) -> 1 | AG12: =IF('امتیاز دهی خبرگان'!$M12=0,0,IF('امتیاز دهی خبرگان'!$M12=1,'طیف فازی'!$B$2,IF('امتیاز دهی خبرگان'!$M12=2,'طیف فازی'!$B$3,IF('امتیاز دهی خبرگان'!$M12=3,'طیف فازی'!$B$4,IF('امتیاز دهی خبرگان'!$M12=4,'طیف فازی'!$B$5,'طیف فازی'!$B$6))))) -> 0.5 | AH12: =IF('امتیاز دهی خبرگان'!$M12=0,0,IF('امتیاز دهی خبرگان'!$M12=1,'طیف فازی'!$C$2,IF('امتیاز دهی خبرگان'!$M12=2,'طیف فازی'!$C$3,IF('امتیاز دهی خبرگان'!$M12=3,'طیف فازی'!$C$4,IF('امتیاز دهی خبرگان'!$M12=4,'طیف فازی'!$C$5,'طیف فازی'!$C$6))))) -> 0.75 | AI12: =IF('امتیاز دهی خبرگان'!$M12=0,0,IF('امتیاز دهی خبرگان'!$M12=1,'طیف فازی'!$D$2,IF('امتیاز دهی خبرگان'!$M12=2,'طیف فازی'!$D$3,IF('امتیاز دهی خبرگان'!$M12=3,'طیف فازی'!$D$4,IF('امتیاز دهی خبرگان'!$M12=4,'طیف فازی'!$D$5,'طیف فازی'!$D$6))))) -> 1 | AJ12: =IF('امتیاز دهی خبرگان'!$N12=0,0,IF('امتیاز دهی خبرگان'!$N12=1,'طیف فازی'!$B$2,IF('امتیاز دهی خبرگان'!$N12=2,'طیف فازی'!$B$3,IF('امتیاز دهی خبرگان'!$N12=3,'طیف فازی'!$B$4,IF('امتیاز دهی خبرگان'!$N12=4,'طیف فازی'!$B$5,'طیف فازی'!$B$6))))) -> 0.5 | AK12: =IF('امتیاز دهی خبرگان'!$N12=0,0,IF('امتیاز دهی خبرگان'!$N12=1,'طیف فازی'!$C$2,IF('امتیاز دهی خبرگان'!$N12=2,'طیف فازی'!$C$3,IF('امتیاز دهی خبرگان'!$N12=3,'طیف فازی'!$C$4,IF('امتیاز دهی خبرگان'!$N12=4,'طیف فازی'!$C$5,'طیف فازی'!$C$6))))) -> 0.75 | AL12: =IF('امتیاز دهی خبرگان'!$N12=0,0,IF('امتیاز دهی خبرگان'!$N12=1,'طیف فازی'!$D$2,IF('امتیاز دهی خبرگان'!$N12=2,'طیف فازی'!$D$3,IF('امتیاز دهی خبرگان'!$N12=3,'طیف فازی'!$D$4,IF('امتیاز دهی خبرگان'!$N12=4,'طیف فازی'!$D$5,'طیف فازی'!$D$6))))) -> 1 | AM12: =C12+F12+I12+L12+O12+R12+U12+X12+AA12+AD12+AG12+AJ12 -> 6 | AN12: =D12+G12+J12+M12+P12+S12+V12+Y12+AB12+AE12+AH12+AK12 -> 9 | AO12: =E12+H12+K12+N12+Q12+T12+W12+Z12+AC12+AF12+AI12+AL12 -> 11.75 | AP12: =(AM12)/$AU$4 -> 0.5 | AQ12: =(AN12)/$AU$4 -> 0.75 | AR12: =(AO12)/$AU$4 -> 0.97916667 | AS12: =AVERAGE(AP12:AR12) -> 0.74305556 | AT12: =IF(AS12>=0.7,"Pass","Not Pass") -> Pass
B13: 11 | C13: =IF('امتیاز دهی خبرگان'!$C13=0,0,IF('امتیاز دهی خبرگان'!$C13=1,'طیف فازی'!$B$2,IF('امتیاز دهی خبرگان'!$C13=2,'طیف فازی'!$B$3,IF('امتیاز دهی خبرگان'!$C13=3,'طیف فازی'!$B$4,IF('امتیاز دهی خبرگان'!$C13=4,'طیف فازی'!$B$5,'طیف فازی'!$B$6))))) -> 0.75 | D13: =IF('امتیاز دهی خبرگان'!$C13=0,0,IF('امتیاز دهی خبرگان'!$C13=1,'طیف فازی'!$C$2,IF('امتیاز دهی خبرگان'!$C13=2,'طیف فازی'!$C$3,IF('امتیاز دهی خبرگان'!$C13=3,'طیف فازی'!$C$4,IF('امتیاز دهی خبرگان'!$C13=4,'طیف فازی'!$C$5,'طیف فازی'!$C$6))))) -> 1 | E13: =IF('امتیاز دهی خبرگان'!$C13=0,0,IF('امتیاز دهی خبرگان'!$C13=1,'طیف فازی'!$D$2,IF('امتیاز دهی خبرگان'!$C13=2,'طیف فازی'!$D$3,IF('امتیاز دهی خبرگان'!$C13=3,'طیف فازی'!$D$4,IF('امتیاز دهی خبرگان'!$C13=4,'طیف فازی'!$D$5,'طیف فازی'!$D$6))))) -> 1 | F13: =IF('امتیاز دهی خبرگان'!$D13=0,0,IF('امتیاز دهی خبرگان'!$D13=1,'طیف فازی'!$B$2,IF('امتیاز دهی خبرگان'!$D13=2,'طیف فازی'!$B$3,IF('امتیاز دهی خبرگان'!$D13=3,'طیف فازی'!$B$4,IF('امتیاز دهی خبرگان'!$D13=4,'طیف فازی'!$B$5,'طیف فازی'!$B$6))))) -> 0.25 | G13: =IF('امتیاز دهی خبرگان'!$D13=0,0,IF('امتیاز دهی خبرگان'!$D13=1,'طیف فازی'!$D$2,IF('امتیاز دهی خبرگان'!$D13=2,'طیف فازی'!$C$3,IF('امتیاز دهی خبرگان'!$D13=3,'طیف فازی'!$C$4,IF('امتیاز دهی خبرگان'!$D13=4,'طیف فازی'!$C$5,'طیف فازی'!$C$6))))) -> 0.5 | H13: =IF('امتیاز دهی خبرگان'!$D13=0,0,IF('امتیاز دهی خبرگان'!$D13=1,'طیف فازی'!$D$2,IF('امتیاز دهی خبرگان'!$D13=2,'طیف فازی'!$D$3,IF('امتیاز دهی خبرگان'!$D13=3,'طیف فازی'!$D$4,IF('امتیاز دهی خبرگان'!$D13=4,'طیف فازی'!$D$5,'طیف فازی'!$D$6))))) -> 0.75 | I13: =IF('امتیاز دهی خبرگان'!$E13=0,0,IF('امتیاز دهی خبرگان'!$E13=1,'طیف فازی'!$B$2,IF('امتیاز دهی خبرگان'!$E13=2,'طیف فازی'!$B$3,IF('امتیاز دهی خبرگان'!$E13=3,'طیف فازی'!$B$4,IF('امتیاز دهی خبرگان'!$E13=4,'طیف فازی'!$B$5,'طیف فازی'!$B$6))))) -> 0 | J13: =IF('امتیاز دهی خبرگان'!$E13=0,0,IF('امتیاز دهی خبرگان'!$E13=1,'طیف فازی'!$C$2,IF('امتیاز دهی خبرگان'!$E13=2,'طیف فازی'!$C$3,IF('امتیاز دهی خبرگان'!$E13=3,'طیف فازی'!$C$4,IF('امتیاز دهی خبرگان'!$E13=4,'طیف فازی'!$C$5,'طیف فازی'!$C$6))))) -> 0 | K13: =IF('امتیاز دهی خبرگان'!$E13=0,0,IF('امتیاز دهی خبرگان'!$E13=1,'طیف فازی'!$D$2,IF('امتیاز دهی خبرگان'!$E13=2,'طیف فازی'!$D$3,IF('امتیاز دهی خبرگان'!$E13=3,'طیف فازی'!$D$4,IF('امتیاز دهی خبرگان'!$E13=4,'طیف فازی'!$D$5,'طیف فازی'!$D$6))))) -> 0.25 | L13: =IF('امتیاز دهی خبرگان'!$F13=0,0,IF('امتیاز دهی خبرگان'!$F13=1,'طیف فازی'!$B$2,IF('امتیاز دهی خبرگان'!$F13=2,'طیف فازی'!$B$3,IF('امتیاز دهی خبرگان'!$F13=3,'طیف فازی'!$B$4,IF('امتیاز دهی خبرگان'!$F13=4,'طیف فازی'!$B$5,'طیف فازی'!$B$6))))) -> 0.75 | M13: =IF('امتیاز دهی خبرگان'!$F13=0,0,IF('امتیاز دهی خبرگان'!$F13=1,'طیف فازی'!$C$2,IF('امتیاز دهی خبرگان'!$F13=2,'طیف فازی'!$C$3,IF('امتیاز دهی خبرگان'!$F13=3,'طیف فازی'!$C$4,IF('امتیاز دهی خبرگان'!$F13=4,'طیف فازی'!$C$5,'طیف فازی'!$C$6))))) -> 1 | N13: =IF('امتیاز دهی خبرگان'!$F13=0,0,IF('امتیاز دهی خبرگان'!$F13=1,'طیف فازی'!$D$2,IF('امتیاز دهی خبرگان'!$F13=2,'طیف فازی'!$D$3,IF('امتیاز دهی خبرگان'!$F13=3,'طیف فازی'!$D$4,IF('امتیاز دهی خبرگان'!$F13=4,'طیف فازی'!$D$5,'طیف فازی'!$D$6))))) -> 1 | O13: =IF('امتیاز دهی خبرگان'!$G13=0,0,IF('امتیاز دهی خبرگان'!$G13=1,'طیف فازی'!$B$2,IF('امتیاز دهی خبرگان'!$G13=2,'طیف فازی'!$B$3,IF('امتیاز دهی خبرگان'!$G13=3,'طیف فازی'!$B$4,IF('امتیاز دهی خبرگان'!$G13=4,'طیف فازی'!$B$5,'طیف فازی'!$B$6))))) -> 0.75 | P13: =IF('امتیاز دهی خبرگان'!$G13=0,0,IF('امتیاز دهی خبرگان'!$G13=1,'طیف فازی'!$C$2,IF('امتیاز دهی خبرگان'!$G13=2,'طیف فازی'!$C$3,IF('امتیاز دهی خبرگان'!$G13=3,'طیف فازی'!$C$4,IF('امتیاز دهی خبرگان'!$G13=4,'طیف فازی'!$C$5,'طیف فازی'!$C$6))))) -> 1 | Q13: =IF('امتیاز دهی خبرگان'!$G13=0,0,IF('امتیاز دهی خبرگان'!$G13=1,'طیف فازی'!$D$2,IF('امتیاز دهی خبرگان'!$G13=2,'طیف فازی'!$D$3,IF('امتیاز دهی خبرگان'!$G13=3,'طیف فازی'!$D$4,IF('امتیاز دهی خبرگان'!$G13=4,'طیف فازی'!$D$5,'طیف فازی'!$D$6))))) -> 1 | R13: =IF('امتیاز دهی خبرگان'!$H13=0,0,IF('امتیاز دهی خبرگان'!$H13=1,'طیف فازی'!$B$2,IF('امتیاز دهی خبرگان'!$H13=2,'طیف فازی'!$B$3,IF('امتیاز دهی خبرگان'!$H13=3,'طیف فازی'!$B$4,IF('امتیاز دهی خبرگان'!$H13=4,'طیف فازی'!$B$5,'طیف فازی'!$B$6))))) -> 0 | S13: =IF('امتیاز دهی خبرگان'!$H13=0,0,IF('امتیاز دهی خبرگان'!$H13=1,'طیف فازی'!$C$2,IF('امتیاز دهی خبرگان'!$H13=2,'طیف فازی'!$C$3,IF('امتیاز دهی خبرگان'!$H13=3,'طیف فازی'!$C$4,IF('امتیاز دهی خبرگان'!$H13=4,'طیف فازی'!$C$5,'طیف فازی'!$C$6))))) -> 0.25 | T13: =IF('امتیاز دهی خبرگان'!$H13=0,0,IF('امتیاز دهی خبرگان'!$H13=1,'طیف فازی'!$D$2,IF('امتیاز دهی خبرگان'!$H13=2,'طیف فازی'!$D$3,IF('امتیاز دهی خبرگان'!$H13=3,'طیف فازی'!$D$4,IF('امتیاز دهی خبرگان'!$H13=4,'طیف فازی'!$D$5,'طیف فازی'!$D$6))))) -> 0.5 | U13: =IF('امتیاز دهی خبرگان'!$I13=0,0,IF('امتیاز دهی خبرگان'!$I13=1,'طیف فازی'!$B$2,IF('امتیاز دهی خبرگان'!$I13=2,'طیف فازی'!$B$3,IF('امتیاز دهی خبرگان'!$I13=3,'طیف فازی'!$B$4,IF('امتیاز دهی خبرگان'!$I13=4,'طیف فازی'!$B$5,'طیف فازی'!$B$6))))) -> 0.25 | V13: =IF('امتیاز دهی خبرگان'!$I13=0,0,IF('امتیاز دهی خبرگان'!$I13=1,'طیف فازی'!$C$2,IF('امتیاز دهی خبرگان'!$I13=2,'طیف فازی'!$C$3,IF('امتیاز دهی خبرگان'!$I13=3,'طیف فازی'!$C$4,IF('امتیاز دهی خبرگان'!$I13=4,'طیف فازی'!$C$5,'طیف فازی'!$C$6))))) -> 0.5 | W13: =IF('امتیاز دهی خبرگان'!$I13=0,0,IF('امتیاز دهی خبرگان'!$I13=1,'طیف فازی'!$D$2,IF('امتیاز دهی خبرگان'!$I13=2,'طیف فازی'!$D$3,IF('امتیاز دهی خبرگان'!$I13=3,'طیف فازی'!$D$4,IF('امتیاز دهی خبرگان'!$I13=4,'طیف فازی'!$D$5,'طیف فازی'!$D$6))))) -> 0.75 | X13: =IF('امتیاز دهی خبرگان'!$J13=0,0,IF('امتیاز دهی خبرگان'!$J13=1,'طیف فازی'!$B$2,IF('امتیاز دهی خبرگان'!$J13=2,'طیف فازی'!$B$3,IF('امتیاز دهی خبرگان'!$J13=3,'طیف فازی'!$B$4,IF('امتیاز دهی خبرگان'!$J13=4,'طیف فازی'!$B$5,'طیف فازی'!$B$6))))) -> 0.75 | Y13: =IF('امتیاز دهی خبرگان'!$J13=0,0,IF('امتیاز دهی خبرگان'!$J13=1,'طیف فازی'!$C$2,IF('امتیاز دهی خبرگان'!$J13=2,'طیف فازی'!$C$3,IF('امتیاز دهی خبرگان'!$J13=3,'طیف فازی'!$C$4,IF('امتیاز دهی خبرگان'!$J13=4,'طیف فازی'!$C$5,'طیف فازی'!$C$6))))) -> 1 | Z13: =IF('امتیاز دهی خبرگان'!$J13=0,0,IF('امتیاز دهی خبرگان'!$J13=1,'طیف فازی'!$D$2,IF('امتیاز دهی خبرگان'!$J13=2,'طیف فازی'!$D$3,IF('امتیاز دهی خبرگان'!$J13=3,'طیف فازی'!$D$4,IF('امتیاز دهی خبرگان'!$J13=4,'طیف فازی'!$D$5,'طیف فازی'!$D$6))))) -> 1 | AA13: =IF('امتیاز دهی خبرگان'!$K13=0,0,IF('امتیاز دهی خبرگان'!$K13=1,'طیف فازی'!$B$2,IF('امتیاز دهی خبرگان'!$K13=2,'طیف فازی'!$B$3,IF('امتیاز دهی خبرگان'!$K13=3,'طیف فازی'!$B$4,IF('امتیاز دهی خبرگان'!$K13=4,'طیف فازی'!$B$5,'طیف فازی'!$B$6))))) -> 0.75 | AB13: =IF('امتیاز دهی خبرگان'!$K13=0,0,IF('امتیاز دهی خبرگان'!$K13=1,'طیف فازی'!$C$2,IF('امتیاز دهی خبرگان'!$K13=2,'طیف فازی'!$C$3,IF('امتیاز دهی خبرگان'!$K13=3,'طیف فازی'!$C$4,IF('امتیاز دهی خبرگان'!$K13=4,'طیف فازی'!$C$5,'طیف فازی'!$C$6))))) -> 1 | AC13: =IF('امتیاز دهی خبرگان'!$K13=0,0,IF('امتیاز دهی خبرگان'!$K13=1,'طیف فازی'!$D$2,IF('امتیاز دهی خبرگان'!$K13=2,'طیف فازی'!$D$3,IF('امتیاز دهی خبرگان'!$K13=3,'طیف فازی'!$D$4,IF('امتیاز دهی خبرگان'!$K13=4,'طیف فازی'!$D$5,'طیف فازی'!$D$6))))) -> 1 | AD13: =IF('امتیاز دهی خبرگان'!$L13=0,0,IF('امتیاز دهی خبرگان'!$L13=1,'طیف فازی'!$B$2,IF('امتیاز دهی خبرگان'!$L13=2,'طیف فازی'!$B$3,IF('امتیاز دهی خبرگان'!$L13=3,'طیف فازی'!$B$4,IF('امتیاز دهی خبرگان'!$L13=4,'طیف فازی'!$B$5,'طیف فازی'!$B$6))))) -> 0.75 | AE13: =IF('امتیاز دهی خبرگان'!$L13=0,0,IF('امتیاز دهی خبرگان'!$L13=1,'طیف فازی'!$C$2,IF('امتیاز دهی خبرگان'!$L13=2,'طیف فازی'!$C$3,IF('امتیاز دهی خبرگان'!$L13=3,'طیف فازی'!$C$4,IF('امتیاز دهی خبرگان'!$L13=4,'طیف فازی'!$C$5,'طیف فازی'!$C$6))))) -> 1 | AF13: =IF('امتیاز دهی خبرگان'!$L13=0,0,IF('امتیاز دهی خبرگان'!$L13=1,'طیف فازی'!$D$2,IF('امتیاز دهی خبرگان'!$L13=2,'طیف فازی'!$D$3,IF('امتیاز دهی خبرگان'!$L13=3,'طیف فازی'!$D$4,IF('امتیاز دهی خبرگان'!$L13=4,'طیف فازی'!$D$5,'طیف فازی'!$D$6))))) -> 1 | AG13: =IF('امتیاز دهی خبرگان'!$M13=0,0,IF('امتیاز دهی خبرگان'!$M13=1,'طیف فازی'!$B$2,IF('امتیاز دهی خبرگان'!$M13=2,'طیف فازی'!$B$3,IF('امتیاز دهی خبرگان'!$M13=3,'طیف فازی'!$B$4,IF('امتیاز دهی خبرگان'!$M13=4,'طیف فازی'!$B$5,'طیف فازی'!$B$6))))) -> 0.75 | AH13: =IF('امتیاز دهی خبرگان'!$M13=0,0,IF('امتیاز دهی خبرگان'!$M13=1,'طیف فازی'!$C$2,IF('امتیاز دهی خبرگان'!$M13=2,'طیف فازی'!$C$3,IF('امتیاز دهی خبرگان'!$M13=3,'طیف فازی'!$C$4,IF('امتیاز دهی خبرگان'!$M13=4,'طیف فازی'!$C$5,'طیف فازی'!$C$6))))) -> 1 | AI13: =IF('امتیاز دهی خبرگان'!$M13=0,0,IF('امتیاز دهی خبرگان'!$M13=1,'طیف فازی'!$D$2,IF('امتیاز دهی خبرگان'!$M13=2,'طیف فازی'!$D$3,IF('امتیاز دهی خبرگان'!$M13=3,'طیف فازی'!$D$4,IF('امتیاز دهی خبرگان'!$M13=4,'طیف فازی'!$D$5,'طیف فازی'!$D$6))))) -> 1 | AJ13: =IF('امتیاز دهی خبرگان'!$N13=0,0,IF('امتیاز دهی خبرگان'!$N13=1,'طیف فازی'!$B$2,IF('امتیاز دهی خبرگان'!$N13=2,'طیف فازی'!$B$3,IF('امتیاز دهی خبرگان'!$N13=3,'طیف فازی'!$B$4,IF('امتیاز دهی خبرگان'!$N13=4,'طیف فازی'!$B$5,'طیف فازی'!$B$6))))) -> 0.75 | AK13: =IF('امتیاز دهی خبرگان'!$N13=0,0,IF('امتیاز دهی خبرگان'!$N13=1,'طیف فازی'!$C$2,IF('امتیاز دهی خبرگان'!$N13=2,'طیف فازی'!$C$3,IF('امتیاز دهی خبرگان'!$N13=3,'طیف فازی'!$C$4,IF('امتیاز دهی خبرگان'!$N13=4,'طیف فازی'!$C$5,'طیف فازی'!$C$6))))) -> 1 | AL13: =IF('امتیاز دهی خبرگان'!$N13=0,0,IF('امتیاز دهی خبرگان'!$N13=1,'طیف فازی'!$D$2,IF('امتیاز دهی خبرگان'!$N13=2,'طیف فازی'!$D$3,IF('امتیاز دهی خبرگان'!$N13=3,'طیف فازی'!$D$4,IF('امتیاز دهی خبرگان'!$N13=4,'طیف فازی'!$D$5,'طیف فازی'!$D$6))))) -> 1 | AM13: =C13+F13+I13+L13+O13+R13+U13+X13+AA13+AD13+AG13+AJ13 -> 6.5 | AN13: =D13+G13+J13+M13+P13+S13+V13+Y13+AB13+AE13+AH13+AK13 -> 9.25 | AO13: =E13+H13+K13+N13+Q13+T13+W13+Z13+AC13+AF13+AI13+AL13 -> 10.25 | AP13: =(AM13)/$AU$4 -> 0.54166667 | AQ13: =(AN13)/$AU$4 -> 0.77083333 | AR13: =(AO13)/$AU$4 -> 0.85416667 | AS13: =AVERAGE(AP13:AR13) -> 0.72222222 | AT13: =IF(AS13>=0.7,"Pass","Not Pass") -> Pass
B14: 12 | C14: =IF('امتیاز دهی خبرگان'!$C14=0,0,IF('امتیاز دهی خبرگان'!$C14=1,'طیف فازی'!$B$2,IF('امتیاز دهی خبرگان'!$C14=2,'طیف فازی'!$B$3,IF('امتیاز دهی خبرگان'!$C14=3,'طیف فازی'!$B$4,IF('امتیاز دهی خبرگان'!$C14=4,'طیف فازی'!$B$5,'طیف فازی'!$B$6))))) -> 0.75 | D14: =IF('امتیاز دهی خبرگان'!$C14=0,0,IF('امتیاز دهی خبرگان'!$C14=1,'طیف فازی'!$C$2,IF('امتیاز دهی خبرگان'!$C14=2,'طیف فازی'!$C$3,IF('امتیاز دهی خبرگان'!$C14=3,'طیف فازی'!$C$4,IF('امتیاز دهی خبرگان'!$C14=4,'طیف فازی'!$C$5,'طیف فازی'!$C$6))))) -> 1 | E14: =IF('امتیاز دهی خبرگان'!$C14=0,0,IF('امتیاز دهی خبرگان'!$C14=1,'طیف فازی'!$D$2,IF('امتیاز دهی خبرگان'!$C14=2,'طیف فازی'!$D$3,IF('امتیاز دهی خبرگان'!$C14=3,'طیف فازی'!$D$4,IF('امتیاز دهی خبرگان'!$C14=4,'طیف فازی'!$D$5,'طیف فازی'!$D$6))))) -> 1 | F14: =IF('امتیاز دهی خبرگان'!$D14=0,0,IF('امتیاز دهی خبرگان'!$D14=1,'طیف فازی'!$B$2,IF('امتیاز دهی خبرگان'!$D14=2,'طیف فازی'!$B$3,IF('امتیاز دهی خبرگان'!$D14=3,'طیف فازی'!$B$4,IF('امتیاز دهی خبرگان'!$D14=4,'طیف فازی'!$B$5,'طیف فازی'!$B$6))))) -> 0.5 | G14: =IF('امتیاز دهی خبرگان'!$D14=0,0,IF('امتیاز دهی خبرگان'!$D14=1,'طیف فازی'!$D$2,IF('امتیاز دهی خبرگان'!$D14=2,'طیف فازی'!$C$3,IF('امتیاز دهی خبرگان'!$D14=3,'طیف فازی'!$C$4,IF('امتیاز دهی خبرگان'!$D14=4,'طیف فازی'!$C$5,'طیف فازی'!$C$6))))) -> 0.75 | H14: =IF('امتیاز دهی خبرگان'!$D14=0,0,IF('امتیاز دهی خبرگان'!$D14=1,'طیف فازی'!$D$2,IF('امتیاز دهی خبرگان'!$D14=2,'طیف فازی'!$D$3,IF('امتیاز دهی خبرگان'!$D14=3,'طیف فازی'!$D$4,IF('امتیاز دهی خبرگان'!$D14=4,'طیف فازی'!$D$5,'طیف فازی'!$D$6))))) -> 1 | I14: =IF('امتیاز دهی خبرگان'!$E14=0,0,IF('امتیاز دهی خبرگان'!$E14=1,'طیف فازی'!$B$2,IF('امتیاز دهی خبرگان'!$E14=2,'طیف فازی'!$B$3,IF('امتیاز دهی خبرگان'!$E14=3,'طیف فازی'!$B$4,IF('امتیاز دهی خبرگان'!$E14=4,'طیف فازی'!$B$5,'طیف فازی'!$B$6))))) -> 0.25 | J14: =IF('امتیاز دهی خبرگان'!$E14=0,0,IF('امتیاز دهی خبرگان'!$E14=1,'طیف فازی'!$C$2,IF('امتیاز دهی خبرگان'!$E14=2,'طیف فازی'!$C$3,IF('امتیاز دهی خبرگان'!$E14=3,'طیف فازی'!$C$4,IF('امتیاز دهی خبرگان'!$E14=4,'طیف فازی'!$C$5,'طیف فازی'!$C$6))))) -> 0.5 | K14: =IF('امتیاز دهی خبرگان'!$E14=0,0,IF('امتیاز دهی خبرگان'!$E14=1,'طیف فازی'!$D$2,IF('امتیاز دهی خبرگان'!$E14=2,'طیف فازی'!$D$3,IF('امتیاز دهی خبرگان'!$E14=3,'طیف فازی'!$D$4,IF('امتیاز دهی خبرگان'!$E14=4,'طیف فازی'!$D$5,'طیف فازی'!$D$6))))) -> 0.75 | L14: =IF('امتیاز دهی خبرگان'!$F14=0,0,IF('امتیاز دهی خبرگان'!$F14=1,'طیف فازی'!$B$2,IF('امتیاز دهی خبرگان'!$F14=2,'طیف فازی'!$B$3,IF('امتیاز دهی خبرگان'!$F14=3,'طیف فازی'!$B$4,IF('امتیاز دهی خبرگان'!$F14=4,'طیف فازی'!$B$5,'طیف فازی'!$B$6))))) -> 0.75 | M14: =IF('امتیاز دهی خبرگان'!$F14=0,0,IF('امتیاز دهی خبرگان'!$F14=1,'طیف فازی'!$C$2,IF('امتیاز دهی خبرگان'!$F14=2,'طیف فازی'!$C$3,IF('امتیاز دهی خبرگان'!$F14=3,'طیف فازی'!$C$4,IF('امتیاز دهی خبرگان'!$F14=4,'طیف فازی'!$C$5,'طیف فازی'!$C$6))))) -> 1 | N14: =IF('امتیاز دهی خبرگان'!$F14=0,0,IF('امتیاز دهی خبرگان'!$F14=1,'طیف فازی'!$D$2,IF('امتیاز دهی خبرگان'!$F14=2,'طیف فازی'!$D$3,IF('امتیاز دهی خبرگان'!$F14=3,'طیف فازی'!$D$4,IF('امتیاز دهی خبرگان'!$F14=4,'طیف فازی'!$D$5,'طیف فازی'!$D$6))))) -> 1 | O14: =IF('امتیاز دهی خبرگان'!$G14=0,0,IF('امتیاز دهی خبرگان'!$G14=1,'طیف فازی'!$B$2,IF('امتیاز دهی خبرگان'!$G14=2,'طیف فازی'!$B$3,IF('امتیاز دهی خبرگان'!$G14=3,'طیف فازی'!$B$4,IF('امتیاز دهی خبرگان'!$G14=4,'طیف فازی'!$B$5,'طیف فازی'!$B$6))))) -> 0.75 | P14: =IF('امتیاز دهی خبرگان'!$G14=0,0,IF('امتیاز دهی خبرگان'!$G14=1,'طیف فازی'!$C$2,IF('امتیاز دهی خبرگان'!$G14=2,'طیف فازی'!$C$3,IF('امتیاز دهی خبرگان'!$G14=3,'طیف فازی'!$C$4,IF('امتیاز دهی خبرگان'!$G14=4,'طیف فازی'!$C$5,'طیف فازی'!$C$6))))) -> 1 | Q14: =IF('امتیاز دهی خبرگان'!$G14=0,0,IF('امتیاز دهی خبرگان'!$G14=1,'طیف فازی'!$D$2,IF('امتیاز دهی خبرگان'!$G14=2,'طیف فازی'!$D$3,IF('امتیاز دهی خبرگان'!$G14=3,'طیف فازی'!$D$4,IF('امتیاز دهی خبرگان'!$G14=4,'طیف فازی'!$D$5,'طیف فازی'!$D$6))))) -> 1 | R14: =IF('امتیاز دهی خبرگان'!$H14=0,0,IF('امتیاز دهی خبرگان'!$H14=1,'طیف فازی'!$B$2,IF('امتیاز دهی خبرگان'!$H14=2,'طیف فازی'!$B$3,IF('امتیاز دهی خبرگان'!$H14=3,'طیف فازی'!$B$4,IF('امتیاز دهی خبرگان'!$H14=4,'طیف فازی'!$B$5,'طیف فازی'!$B$6))))) -> 0.25 | S14: =IF('امتیاز دهی خبرگان'!$H14=0,0,IF('امتیاز دهی خبرگان'!$H14=1,'طیف فازی'!$C$2,IF('امتیاز دهی خبرگان'!$H14=2,'طیف فازی'!$C$3,IF('امتیاز دهی خبرگان'!$H14=3,'طیف فازی'!$C$4,IF('امتیاز دهی خبرگان'!$H14=4,'طیف فازی'!$C$5,'طیف فازی'!$C$6))))) -> 0.5 | T14: =IF('امتیاز دهی خبرگان'!$H14=0,0,IF('امتیاز دهی خبرگان'!$H14=1,'طیف فازی'!$D$2,IF('امتیاز دهی خبرگان'!$H14=2,'طیف فازی'!$D$3,IF('امتیاز دهی خبرگان'!$H14=3,'طیف فازی'!$D$4,IF('امتیاز دهی خبرگان'!$H14=4,'طیف فازی'!$D$5,'طیف فازی'!$D$6))))) -> 0.75 | U14: =IF('امتیاز دهی خبرگان'!$I14=0,0,IF('امتیاز دهی خبرگان'!$I14=1,'طیف فازی'!$B$2,IF('امتیاز دهی خبرگان'!$I14=2,'طیف فازی'!$B$3,IF('امتیاز دهی خبرگان'!$I14=3,'طیف فازی'!$B$4,IF('امتیاز دهی خبرگان'!$I14=4,'طیف فازی'!$B$5,'طیف فازی'!$B$6))))) -> 0.25 | V14: =IF('امتیاز دهی خبرگان'!$I14=0,0,IF('امتیاز دهی خبرگان'!$I14=1,'طیف فازی'!$C$2,IF('امتیاز دهی خبرگان'!$I14=2,'طیف فازی'!$C$3,IF('امتیاز دهی خبرگان'!$I14=3,'طیف فازی'!$C$4,IF('امتیاز دهی خبرگان'!$I14=4,'طیف فازی'!$C$5,'طیف فازی'!$C$6))))) -> 0.5 | W14: =IF('امتیاز دهی خبرگان'!$I14=0,0,IF('امتیاز دهی خبرگان'!$I14=1,'طیف فازی'!$D$2,IF('امتیاز دهی خبرگان'!$I14=2,'طیف فازی'!$D$3,IF('امتیاز دهی خبرگان'!$I14=3,'طیف فازی'!$D$4,IF('امتیاز دهی خبرگان'!$I14=4,'طیف فازی'!$D$5,'طیف فازی'!$D$6))))) -> 0.75 | X14: =IF('امتیاز دهی خبرگان'!$J14=0,0,IF('امتیاز دهی خبرگان'!$J14=1,'طیف فازی'!$B$2,IF('امتیاز دهی خبرگان'!$J14=2,'طیف فازی'!$B$3,IF('امتیاز دهی خبرگان'!$J14=3,'طیف فازی'!$B$4,IF('امتیاز دهی خبرگان'!$J14=4,'طیف فازی'!$B$5,'طیف فازی'!$B$6))))) -> 0.75 | Y14: =IF('امتیاز دهی خبرگان'!$J14=0,0,IF('امتیاز دهی خبرگان'!$J14=1,'طیف فازی'!$C$2,IF('امتیاز دهی خبرگان'!$J14=2,'طیف فازی'!$C$3,IF('امتیاز دهی خبرگان'!$J14=3,'طیف فازی'!$C$4,IF('امتیاز دهی خبرگان'!$J14=4,'طیف فازی'!$C$5,'طیف فازی'!$C$6))))) -> 1 | Z14: =IF('امتیاز دهی خبرگان'!$J14=0,0,IF('امتیاز دهی خبرگان'!$J14=1,'طیف فازی'!$D$2,IF('امتیاز دهی خبرگان'!$J14=2,'طیف فازی'!$D$3,IF('امتیاز دهی خبرگان'!$J14=3,'طیف فازی'!$D$4,IF('امتیاز دهی خبرگان'!$J14=4,'طیف فازی'!$D$5,'طیف فازی'!$D$6))))) -> 1 | AA14: =IF('امتیاز دهی خبرگان'!$K14=0,0,IF('امتیاز دهی خبرگان'!$K14=1,'طیف فازی'!$B$2,IF('امتیاز دهی خبرگان'!$K14=2,'طیف فازی'!$B$3,IF('امتیاز دهی خبرگان'!$K14=3,'طیف فازی'!$B$4,IF('امتیاز دهی خبرگان'!$K14=4,'طیف فازی'!$B$5,'طیف فازی'!$B$6))))) -> 0.75 | AB14: =IF('امتیاز دهی خبرگان'!$K14=0,0,IF('امتیاز دهی خبرگان'!$K14=1,'طیف فازی'!$C$2,IF('امتیاز دهی خبرگان'!$K14=2,'طیف فازی'!$C$3,IF('امتیاز دهی خبرگان'!$K14=3,'طیف فازی'!$C$4,IF('امتیاز دهی خبرگان'!$K14=4,'طیف فازی'!$C$5,'طیف فازی'!$C$6))))) -> 1 | AC14: =IF('امتیاز دهی خبرگان'!$K14=0,0,IF('امتیاز دهی خبرگان'!$K14=1,'طیف فازی'!$D$2,IF('امتیاز دهی خبرگان'!$K14=2,'طیف فازی'!$D$3,IF('امتیاز دهی خبرگان'!$K14=3,'طیف فازی'!$D$4,IF('امتیاز دهی خبرگان'!$K14=4,'طیف فازی'!$D$5,'طیف فازی'!$D$6))))) -> 1 | AD14: =IF('امتیاز دهی خبرگان'!$L14=0,0,IF('امتیاز دهی خبرگان'!$L14=1,'طیف فازی'!$B$2,IF('امتیاز دهی خبرگان'!$L14=2,'طیف فازی'!$B$3,IF('امتیاز دهی خبرگان'!$L14=3,'طیف فازی'!$B$4,IF('امتیاز دهی خبرگان'!$L14=4,'طیف فازی'!$B$5,'طیف فازی'!$B$6))))) -> 0.75 | AE14: =IF('امتیاز دهی خبرگان'!$L14=0,0,IF('امتیاز دهی خبرگان'!$L14=1,'طیف فازی'!$C$2,IF('امتیاز دهی خبرگان'!$L14=2,'طیف فازی'!$C$3,IF('امتیاز دهی خبرگان'!$L14=3,'طیف فازی'!$C$4,IF('امتیاز دهی خبرگان'!$L14=4,'طیف فازی'!$C$5,'طیف فازی'!$C$6))))) -> 1 | AF14: =IF('امتیاز دهی خبرگان'!$L14=0,0,IF('امتیاز دهی خبرگان'!$L14=1,'طیف فازی'!$D$2,IF('امتیاز دهی خبرگان'!$L14=2,'طیف فازی'!$D$3,IF('امتیاز دهی خبرگان'!$L14=3,'طیف فازی'!$D$4,IF('امتیاز دهی خبرگان'!$L14=4,'طیف فازی'!$D$5,'طیف فازی'!$D$6))))) -> 1 | AG14: =IF('امتیاز دهی خبرگان'!$M14=0,0,IF('امتیاز دهی خبرگان'!$M14=1,'طیف فازی'!$B$2,IF('امتیاز دهی خبرگان'!$M14=2,'طیف فازی'!$B$3,IF('امتیاز دهی خبرگان'!$M14=3,'طیف فازی'!$B$4,IF('امتیاز دهی خبرگان'!$M14=4,'طیف فازی'!$B$5,'طیف فازی'!$B$6))))) -> 0.5 | AH14: =IF('امتیاز دهی خبرگان'!$M14=0,0,IF('امتیاز دهی خبرگان'!$M14=1,'طیف فازی'!$C$2,IF('امتیاز دهی خبرگان'!$M14=2,'طیف فازی'!$C$3,IF('امتیاز دهی خبرگان'!$M14=3,'طیف فازی'!$C$4,IF('امتیاز دهی خبرگان'!$M14=4,'طیف فازی'!$C$5,'طیف فازی'!$C$6))))) -> 0.75 | AI14: =IF('امتیاز دهی خبرگان'!$M14=0,0,IF('امتیاز دهی خبرگان'!$M14=1,'طیف فازی'!$D$2,IF('امتیاز دهی خبرگان'!$M14=2,'طیف فازی'!$D$3,IF('امتیاز دهی خبرگان'!$M14=3,'طیف فازی'!$D$4,IF('امتیاز دهی خبرگان'!$M14=4,'طیف فازی'!$D$5,'طیف فازی'!$D$6))))) -> 1 | AJ14: =IF('امتیاز دهی خبرگان'!$N14=0,0,IF('امتیاز دهی خبرگان'!$N14=1,'طیف فازی'!$B$2,IF('امتیاز دهی خبرگان'!$N14=2,'طیف فازی'!$B$3,IF('امتیاز دهی خبرگان'!$N14=3,'طیف فازی'!$B$4,IF('امتیاز دهی خبرگان'!$N14=4,'طیف فازی'!$B$5,'طیف فازی'!$B$6))))) -> 0.75 | AK14: =IF('امتیاز دهی خبرگان'!$N14=0,0,IF('امتیاز دهی خبرگان'!$N14=1,'طیف فازی'!$C$2,IF('امتیاز دهی خبرگان'!$N14=2,'طیف فازی'!$C$3,IF('امتیاز دهی خبرگان'!$N14=3,'طیف فازی'!$C$4,IF('امتیاز دهی خبرگان'!$N14=4,'طیف فازی'!$C$5,'طیف فازی'!$C$6))))) -> 1 | AL14: =IF('امتیاز دهی خبرگان'!$N14=0,0,IF('امتیاز دهی خبرگان'!$N14=1,'طیف فازی'!$D$2,IF('امتیاز دهی خبرگان'!$N14=2,'طیف فازی'!$D$3,IF('امتیاز دهی خبرگان'!$N14=3,'طیف فازی'!$D$4,IF('امتیاز دهی خبرگان'!$N14=4,'طیف فازی'!$D$5,'طیف فازی'!$D$6))))) -> 1 | AM14: =C14+F14+I14+L14+O14+R14+U14+X14+AA14+AD14+AG14+AJ14 -> 7 | AN14: =D14+G14+J14+M14+P14+S14+V14+Y14+AB14+AE14+AH14+AK14 -> 10 | AO14: =E14+H14+K14+N14+Q14+T14+W14+Z14+AC14+AF14+AI14+AL14 -> 11.25 | AP14: =(AM14)/$AU$4 -> 0.58333333 | AQ14: =(AN14)/$AU$4 -> 0.83333333 | AR14: =(AO14)/$AU$4 -> 0.9375 | AS14: =AVERAGE(AP14:AR14) -> 0.78472222 | AT14: =IF(AS14>=0.7,"Pass","Not Pass") -> Pass
B15: 13 | C15: =IF('امتیاز دهی خبرگان'!$C15=0,0,IF('امتیاز دهی خبرگان'!$C15=1,'طیف فازی'!$B$2,IF('امتیاز دهی خبرگان'!$C15=2,'طیف فازی'!$B$3,IF('امتیاز دهی خبرگان'!$C15=3,'طیف فازی'!$B$4,IF('امتیاز دهی خبرگان'!$C15=4,'طیف فازی'!$B$5,'طیف فازی'!$B$6))))) -> 0.75 | D15: =IF('امتیاز دهی خبرگان'!$C15=0,0,IF('امتیاز دهی خبرگان'!$C15=1,'طیف فازی'!$C$2,IF('امتیاز دهی خبرگان'!$C15=2,'طیف فازی'!$C$3,IF('امتیاز دهی خبرگان'!$C15=3,'طیف فازی'!$C$4,IF('امتیاز دهی خبرگان'!$C15=4,'طیف فازی'!$C$5,'طیف فازی'!$C$6))))) -> 1 | E15: =IF('امتیاز دهی خبرگان'!$C15=0,0,IF('امتیاز دهی خبرگان'!$C15=1,'طیف فازی'!$D$2,IF('امتیاز دهی خبرگان'!$C15=2,'طیف فازی'!$D$3,IF('امتیاز دهی خبرگان'!$C15=3,'طیف فازی'!$D$4,IF('امتیاز دهی خبرگان'!$C15=4,'طیف فازی'!$D$5,'طیف فازی'!$D$6))))) -> 1 | F15: =IF('امتیاز دهی خبرگان'!$D15=0,0,IF('امتیاز دهی خبرگان'!$D15=1,'طیف فازی'!$B$2,IF('امتیاز دهی خبرگان'!$D15=2,'طیف فازی'!$B$3,IF('امتیاز دهی خبرگان'!$D15=3,'طیف فازی'!$B$4,IF('امتیاز دهی خبرگان'!$D15=4,'طیف فازی'!$B$5,'طیف فازی'!$B$6))))) -> 0.25 | G15: =IF('امتیاز دهی خبرگان'!$D15=0,0,IF('امتیاز دهی خبرگان'!$D15=1,'طیف فازی'!$D$2,IF('امتیاز دهی خبرگان'!$D15=2,'طیف فازی'!$C$3,IF('امتیاز دهی خبرگان'!$D15=3,'طیف فازی'!$C$4,IF('امتیاز دهی خبرگان'!$D15=4,'طیف فازی'!$C$5,'طیف فازی'!$C$6))))) -> 0.5 | H15: =IF('امتیاز دهی خبرگان'!$D15=0,0,IF('امتیاز دهی خبرگان'!$D15=1,'طیف فازی'!$D$2,IF('امتیاز دهی خبرگان'!$D15=2,'طیف فازی'!$D$3,IF('امتیاز دهی خبرگان'!$D15=3,'طیف فازی'!$D$4,IF('امتیاز دهی خبرگان'!$D15=4,'طیف فازی'!$D$5,'طیف فازی'!$D$6))))) -> 0.75 | I15: =IF('امتیاز دهی خبرگان'!$E15=0,0,IF('امتیاز دهی خبرگان'!$E15=1,'طیف فازی'!$B$2,IF('امتیاز دهی خبرگان'!$E15=2,'طیف فازی'!$B$3,IF('امتیاز دهی خبرگان'!$E15=3,'طیف فازی'!$B$4,IF('امتیاز دهی خبرگان'!$E15=4,'طیف فازی'!$B$5,'طیف فازی'!$B$6))))) -> 0.5 | J15: =IF('امتیاز دهی خبرگان'!$E15=0,0,IF('امتیاز دهی خبرگان'!$E15=1,'طیف فازی'!$C$2,IF('امتیاز دهی خبرگان'!$E15=2,'طیف فازی'!$C$3,IF('امتیاز دهی خبرگان'!$E15=3,'طیف فازی'!$C$4,IF('امتیاز دهی خبرگان'!$E15=4,'طیف فازی'!$C$5,'طیف فازی'!$C$6))))) -> 0.75 | K15: =IF('امتیاز دهی خبرگان'!$E15=0,0,IF('امتیاز دهی خبرگان'!$E15=1,'طیف فازی'!$D$2,IF('امتیاز دهی خبرگان'!$E15=2,'طیف فازی'!$D$3,IF('امتیاز دهی خبرگان'!$E15=3,'طیف فازی'!$D$4,IF('امتیاز دهی خبرگان'!$E15=4,'طیف فازی'!$D$5,'طیف فازی'!$D$6))))) -> 1 | L15: =IF('امتیاز دهی خبرگان'!$F15=0,0,IF('امتیاز دهی خبرگان'!$F15=1,'طیف فازی'!$B$2,IF('امتیاز دهی خبرگان'!$F15=2,'طیف فازی'!$B$3,IF('امتیاز دهی خبرگان'!$F15=3,'طیف فازی'!$B$4,IF('امتیاز دهی خبرگان'!$F15=4,'طیف فازی'!$B$5,'طیف فازی'!$B$6))))) -> 0.75 | M15: =IF('امتیاز دهی خبرگان'!$F15=0,0,IF('امتیاز دهی خبرگان'!$F15=1,'طیف فازی'!$C$2,IF('امتیاز دهی خبرگان'!$F15=2,'طیف فازی'!$C$3,IF('امتیاز دهی خبرگان'!$F15=3,'طیف فازی'!$C$4,IF('امتیاز دهی خبرگان'!$F15=4,'طیف فازی'!$C$5,'طیف فازی'!$C$6))))) -> 1 | N15: =IF('امتیاز دهی خبرگان'!$F15=0,0,IF('امتیاز دهی خبرگان'!$F15=1,'طیف فازی'!$D$2,IF('امتیاز دهی خبرگان'!$F15=2,'طیف فازی'!$D$3,IF('امتیاز دهی خبرگان'!$F15=3,'طیف فازی'!$D$4,IF('امتیاز دهی خبرگان'!$F15=4,'طیف فازی'!$D$5,'طیف فازی'!$D$6))))) -> 1 | O15: =IF('امتیاز دهی خبرگان'!$G15=0,0,IF('امتیاز دهی خبرگان'!$G15=1,'طیف فازی'!$B$2,IF('امتیاز دهی خبرگان'!$G15=2,'طیف فازی'!$B$3,IF('امتیاز دهی خبرگان'!$G15=3,'طیف فازی'!$B$4,IF('امتیاز دهی خبرگان'!$G15=4,'طیف فازی'!$B$5,'طیف فازی'!$B$6))))) -> 0.75 | P15: =IF('امتیاز دهی خبرگان'!$G15=0,0,IF('امتیاز دهی خبرگان'!$G15=1,'طیف فازی'!$C$2,IF('امتیاز دهی خبرگان'!$G15=2,'طیف فازی'!$C$3,IF('امتیاز دهی خبرگان'!$G15=3,'طیف فازی'!$C$4,IF('امتیاز دهی خبرگان'!$G15=4,'طیف فازی'!$C$5,'طیف فازی'!$C$6))))) -> 1 | Q15: =IF('امتیاز دهی خبرگان'!$G15=0,0,IF('امتیاز دهی خبرگان'!$G15=1,'طیف فازی'!$D$2,IF('امتیاز دهی خبرگان'!$G15=2,'طیف فازی'!$D$3,IF('امتیاز دهی خبرگان'!$G15=3,'طیف فازی'!$D$4,IF('امتیاز دهی خبرگان'!$G15=4,'طیف فازی'!$D$5,'طیف فازی'!$D$6))))) -> 1 | R15: =IF('امتیاز دهی خبرگان'!$H15=0,0,IF('امتیاز دهی خبرگان'!$H15=1,'طیف فازی'!$B$2,IF('امتیاز دهی خبرگان'!$H15=2,'طیف فازی'!$B$3,IF('امتیاز دهی خبرگان'!$H15=3,'طیف فازی'!$B$4,IF('امتیاز دهی خبرگان'!$H15=4,'طیف فازی'!$B$5,'طیف فازی'!$B$6))))) -> 0.25 | S15: =IF('امتیاز دهی خبرگان'!$H15=0,0,IF('امتیاز دهی خبرگان'!$H15=1,'طیف فازی'!$C$2,IF('امتیاز دهی خبرگان'!$H15=2,'طیف فازی'!$C$3,IF('امتیاز دهی خبرگان'!$H15=3,'طیف فازی'!$C$4,IF('امتیاز دهی خبرگان'!$H15=4,'طیف فازی'!$C$5,'طیف فازی'!$C$6))))) -> 0.5 | T15: =IF('امتیاز دهی خبرگان'!$H15=0,0,IF('امتیاز دهی خبرگان'!$H15=1,'طیف فازی'!$D$2,IF('امتیاز دهی خبرگان'!$H15=2,'طیف فازی'!$D$3,IF('امتیاز دهی خبرگان'!$H15=3,'طیف فازی'!$D$4,IF('امتیاز دهی خبرگان'!$H15=4,'طیف فازی'!$D$5,'طیف فازی'!$D$6))))) -> 0.75 | U15: =IF('امتیاز دهی خبرگان'!$I15=0,0,IF('امتیاز دهی خبرگان'!$I15=1,'طیف فازی'!$B$2,IF('امتیاز دهی خبرگان'!$I15=2,'طیف فازی'!$B$3,IF('امتیاز دهی خبرگان'!$I15=3,'طیف فازی'!$B$4,IF('امتیاز دهی خبرگان'!$I15=4,'طیف فازی'!$B$5,'طیف فازی'!$B$6))))) -> 0.25 | V15: =IF('امتیاز دهی خبرگان'!$I15=0,0,IF('امتیاز دهی خبرگان'!$I15=1,'طیف فازی'!$C$2,IF('امتیاز دهی خبرگان'!$I15=2,'طیف فازی'!$C$3,IF('امتیاز دهی خبرگان'!$I15=3,'طیف فازی'!$C$4,IF('امتیاز دهی خبرگان'!$I15=4,'طیف فازی'!$C$5,'طیف فازی'!$C$6))))) -> 0.5 | W15: =IF('امتیاز دهی خبرگان'!$I15=0,0,IF('امتیاز دهی خبرگان'!$I15=1,'طیف فازی'!$D$2,IF('امتیاز دهی خبرگان'!$I15=2,'طیف فازی'!$D$3,IF('امتیاز دهی خبرگان'!$I15=3,'طیف فازی'!$D$4,IF('امتیاز دهی خبرگان'!$I15=4,'طیف فازی'!$D$5,'طیف فازی'!$D$6))))) -> 0.75 | X15: =IF('امتیاز دهی خبرگان'!$J15=0,0,IF('امتیاز دهی خبرگان'!$J15=1,'طیف فازی'!$B$2,IF('امتیاز دهی خبرگان'!$J15=2,'طیف فازی'!$B$3,IF('امتیاز دهی خبرگان'!$J15=3,'طیف فازی'!$B$4,IF('امتیاز دهی خبرگان'!$J15=4,'طیف فازی'!$B$5,'طیف فازی'!$B$6))))) -> 0.5 | Y15: =IF('امتیاز دهی خبرگان'!$J15=0,0,IF('امتیاز دهی خبرگان'!$J15=1,'طیف فازی'!$C$2,IF('امتیاز دهی خبرگان'!$J15=2,'طیف فازی'!$C$3,IF('امتیاز دهی خبرگان'!$J15=3,'طیف فازی'!$C$4,IF('امتیاز دهی خبرگان'!$J15=4,'طیف فازی'!$C$5,'طیف فازی'!$C$6))))) -> 0.75 | Z15: =IF('امتیاز دهی خبرگان'!$J15=0,0,IF('امتیاز دهی خبرگان'!$J15=1,'طیف فازی'!$D$2,IF('امتیاز دهی خبرگان'!$J15=2,'طیف فازی'!$D$3,IF('امتیاز دهی خبرگان'!$J15=3,'طیف فازی'!$D$4,IF('امتیاز دهی خبرگان'!$J15=4,'طیف فازی'!$D$5,'طیف فازی'!$D$6))))) -> 1 | AA15: =IF('امتیاز دهی خبرگان'!$K15=0,0,IF('امتیاز دهی خبرگان'!$K15=1,'طیف فازی'!$B$2,IF('امتیاز دهی خبرگان'!$K15=2,'طیف فازی'!$B$3,IF('امتیاز دهی خبرگان'!$K15=3,'طیف فازی'!$B$4,IF('امتیاز دهی خبرگان'!$K15=4,'طیف فازی'!$B$5,'طیف فازی'!$B$6))))) -> 0.5 | AB15: =IF('امتیاز دهی خبرگان'!$K15=0,0,IF('امتیاز دهی خبرگان'!$K15=1,'طیف فازی'!$C$2,IF('امتیاز دهی خبرگان'!$K15=2,'طیف فازی'!$C$3,IF('امتیاز دهی خبرگان'!$K15=3,'طیف فازی'!$C$4,IF('امتیاز دهی خبرگان'!$K15=4,'طیف فازی'!$C$5,'طیف فازی'!$C$6))))) -> 0.75 | AC15: =IF('امتیاز دهی خبرگان'!$K15=0,0,IF('امتیاز دهی خبرگان'!$K15=1,'طیف فازی'!$D$2,IF('امتیاز دهی خبرگان'!$K15=2,'طیف فازی'!$D$3,IF('امتیاز دهی خبرگان'!$K15=3,'طیف فازی'!$D$4,IF('امتیاز دهی خبرگان'!$K15=4,'طیف فازی'!$D$5,'طیف فازی'!$D$6))))) -> 1 | AD15: =IF('امتیاز دهی خبرگان'!$L15=0,0,IF('امتیاز دهی خبرگان'!$L15=1,'طیف فازی'!$B$2,IF('امتیاز دهی خبرگان'!$L15=2,'طیف فازی'!$B$3,IF('امتیاز دهی خبرگان'!$L15=3,'طیف فازی'!$B$4,IF('امتیاز دهی خبرگان'!$L15=4,'طیف فازی'!$B$5,'طیف فازی'!$B$6))))) -> 0.5 | AE15: =IF('امتیاز دهی خبرگان'!$L15=0,0,IF('امتیاز دهی خبرگان'!$L15=1,'طیف فازی'!$C$2,IF('امتیاز دهی خبرگان'!$L15=2,'طیف فازی'!$C$3,IF('امتیاز دهی خبرگان'!$L15=3,'طیف فازی'!$C$4,IF('امتیاز دهی خبرگان'!$L15=4,'طیف فازی'!$C$5,'طیف فازی'!$C$6))))) -> 0.75 | AF15: =IF('امتیاز دهی خبرگان'!$L15=0,0,IF('امتیاز دهی خبرگان'!$L15=1,'طیف فازی'!$D$2,IF('امتیاز دهی خبرگان'!$L15=2,'طیف فازی'!$D$3,IF('امتیاز دهی خبرگان'!$L15=3,'طیف فازی'!$D$4,IF('امتیاز دهی خبرگان'!$L15=4,'طیف فازی'!$D$5,'طیف فازی'!$D$6))))) -> 1 | AG15: =IF('امتیاز دهی خبرگان'!$M15=0,0,IF('امتیاز دهی خبرگان'!$M15=1,'طیف فازی'!$B$2,IF('امتیاز دهی خبرگان'!$M15=2,'طیف فازی'!$B$3,IF('امتیاز دهی خبرگان'!$M15=3,'طیف فازی'!$B$4,IF('امتیاز دهی خبرگان'!$M15=4,'طیف فازی'!$B$5,'طیف فازی'!$B$6))))) -> 0.5 | AH15: =IF('امتیاز دهی خبرگان'!$M15=0,0,IF('امتیاز دهی خبرگان'!$M15=1,'طیف فازی'!$C$2,IF('امتیاز دهی خبرگان'!$M15=2,'طیف فازی'!$C$3,IF('امتیاز دهی خبرگان'!$M15=3,'طیف فازی'!$C$4,IF('امتیاز دهی خبرگان'!$M15=4,'طیف فازی'!$C$5,'طیف فازی'!$C$6))))) -> 0.75 | AI15: =IF('امتیاز دهی خبرگان'!$M15=0,0,IF('امتیاز دهی خبرگان'!$M15=1,'طیف فازی'!$D$2,IF('امتیاز دهی خبرگان'!$M15=2,'طیف فازی'!$D$3,IF('امتیاز دهی خبرگان'!$M15=3,'طیف فازی'!$D$4,IF('امتیاز دهی خبرگان'!$M15=4,'طیف فازی'!$D$5,'طیف فازی'!$D$6))))) -> 1 | AJ15: =IF('امتیاز دهی خبرگان'!$N15=0,0,IF('امتیاز دهی خبرگان'!$N15=1,'طیف فازی'!$B$2,IF('امتیاز دهی خبرگان'!$N15=2,'طیف فازی'!$B$3,IF('امتیاز دهی خبرگان'!$N15=3,'طیف فازی'!$B$4,IF('امتیاز دهی خبرگان'!$N15=4,'طیف فازی'!$B$5,'طیف فازی'!$B$6))))) -> 0.75 | AK15: =IF('امتیاز دهی خبرگان'!$N15=0,0,IF('امتیاز دهی خبرگان'!$N15=1,'طیف فازی'!$C$2,IF('امتیاز دهی خبرگان'!$N15=2,'طیف فازی'!$C$3,IF('امتیاز دهی خبرگان'!$N15=3,'طیف فازی'!$C$4,IF('امتیاز دهی خبرگان'!$N15=4,'طیف فازی'!$C$5,'طیف فازی'!$C$6))))) -> 1 | AL15: =IF('امتیاز دهی خبرگان'!$N15=0,0,IF('امتیاز دهی خبرگان'!$N15=1,'طیف فازی'!$D$2,IF('امتیاز دهی خبرگان'!$N15=2,'طیف فازی'!$D$3,IF('امتیاز دهی خبرگان'!$N15=3,'طیف فازی'!$D$4,IF('امتیاز دهی خبرگان'!$N15=4,'طیف فازی'!$D$5,'طیف فازی'!$D$6))))) -> 1 | AM15: =C15+F15+I15+L15+O15+R15+U15+X15+AA15+AD15+AG15+AJ15 -> 6.25 | AN15: =D15+G15+J15+M15+P15+S15+V15+Y15+AB15+AE15+AH15+AK15 -> 9.25 | AO15: =E15+H15+K15+N15+Q15+T15+W15+Z15+AC15+AF15+AI15+AL15 -> 11.25 | AP15: =(AM15)/$AU$4 -> 0.52083333 | AQ15: =(AN15)/$AU$4 -> 0.77083333 | AR15: =(AO15)/$AU$4 -> 0.9375 | AS15: =AVERAGE(AP15:AR15) -> 0.74305556 | AT15: =IF(AS15>=0.7,"Pass","Not Pass") -> Pass
B16: 14 | C16: =IF('امتیاز دهی خبرگان'!$C16=0,0,IF('امتیاز دهی خبرگان'!$C16=1,'طیف فازی'!$B$2,IF('امتیاز دهی خبرگان'!$C16=2,'طیف فازی'!$B$3,IF('امتیاز دهی خبرگان'!$C16=3,'طیف فازی'!$B$4,IF('امتیاز دهی خبرگان'!$C16=4,'طیف فازی'!$B$5,'طیف فازی'!$B$6))))) -> 0.5 | D16: =IF('امتیاز دهی خبرگان'!$C16=0,0,IF('امتیاز دهی خبرگان'!$C16=1,'طیف فازی'!$C$2,IF('امتیاز دهی خبرگان'!$C16=2,'طیف فازی'!$C$3,IF('امتیاز دهی خبرگان'!$C16=3,'طیف فازی'!$C$4,IF('امتیاز دهی خبرگان'!$C16=4,'طیف فازی'!$C$5,'طیف فازی'!$C$6))))) -> 0.75 | E16: =IF('امتیاز دهی خبرگان'!$C16=0,0,IF('امتیاز دهی خبرگان'!$C16=1,'طیف فازی'!$D$2,IF('امتیاز دهی خبرگان'!$C16=2,'طیف فازی'!$D$3,IF('امتیاز دهی خبرگان'!$C16=3,'طیف فازی'!$D$4,IF('امتیاز دهی خبرگان'!$C16=4,'طیف فازی'!$D$5,'طیف فازی'!$D$6))))) -> 1 | F16: =IF('امتیاز دهی خبرگان'!$D16=0,0,IF('امتیاز دهی خبرگان'!$D16=1,'طیف فازی'!$B$2,IF('امتیاز دهی خبرگان'!$D16=2,'طیف فازی'!$B$3,IF('امتیاز دهی خبرگان'!$D16=3,'طیف فازی'!$B$4,IF('امتیاز دهی خبرگان'!$D16=4,'طیف فازی'!$B$5,'طیف فازی'!$B$6))))) -> 0.25 | G16: =IF('امتیاز دهی خبرگان'!$D16=0,0,IF('امتیاز دهی خبرگان'!$D16=1,'طیف فازی'!$D$2,IF('امتیاز دهی خبرگان'!$D16=2,'طیف فازی'!$C$3,IF('امتیاز دهی خبرگان'!$D16=3,'طیف فازی'!$C$4,IF('امتیاز دهی خبرگان'!$D16=4,'طیف فازی'!$C$5,'طیف فازی'!$C$6))))) -> 0.5 | H16: =IF('امتیاز دهی خبرگان'!$D16=0,0,IF('امتیاز دهی خبرگان'!$D16=1,'طیف فازی'!$D$2,IF('امتیاز دهی خبرگان'!$D16=2,'طیف فازی'!$D$3,IF('امتیاز دهی خبرگان'!$D16=3,'طیف فازی'!$D$4,IF('امتیاز دهی خبرگان'!$D16=4,'طیف فازی'!$D$5,'طیف فازی'!$D$6))))) -> 0.75 | I16: =IF('امتیاز دهی خبرگان'!$E16=0,0,IF('امتیاز دهی خبرگان'!$E16=1,'طیف فازی'!$B$2,IF('امتیاز دهی خبرگان'!$E16=2,'طیف فازی'!$B$3,IF('امتیاز دهی خبرگان'!$E16=3,'طیف فازی'!$B$4,IF('امتیاز دهی خبرگان'!$E16=4,'طیف فازی'!$B$5,'طیف فازی'!$B$6))))) -> 0 | J16: =IF('امتیاز دهی خبرگان'!$E16=0,0,IF('امتیاز دهی خبرگان'!$E16=1,'طیف فازی'!$C$2,IF('امتیاز دهی خبرگان'!$E16=2,'طیف فازی'!$C$3,IF('امتیاز دهی خبرگان'!$E16=3,'طیف فازی'!$C$4,IF('امتیاز دهی خبرگان'!$E16=4,'طیف فازی'!$C$5,'طیف فازی'!$C$6))))) -> 0.25 | K16: =IF('امتیاز دهی خبرگان'!$E16=0,0,IF('امتیاز دهی خبرگان'!$E16=1,'طیف فازی'!$D$2,IF('امتیاز دهی خبرگان'!$E16=2,'طیف فازی'!$D$3,IF('امتیاز دهی خبرگان'!$E16=3,'طیف فازی'!$D$4,IF('امتیاز دهی خبرگان'!$E16=4,'طیف فازی'!$D$5,'طیف فازی'!$D$6))))) -> 0.5 | L16: =IF('امتیاز دهی خبرگان'!$F16=0,0,IF('امتیاز دهی خبرگان'!$F16=1,'طیف فازی'!$B$2,IF('امتیاز دهی خبرگان'!$F16=2,'طیف فازی'!$B$3,IF('امتیاز دهی خبرگان'!$F16=3,'طیف فازی'!$B$4,IF('امتیاز دهی خبرگان'!$F16=4,'طیف فازی'!$B$5,'طیف فازی'!$B$6))))) -> 0.75 | M16: =IF('امتیاز دهی خبرگان'!$F16=0,0,IF('امتیاز دهی خبرگان'!$F16=1,'طیف فازی'!$C$2,IF('امتیاز دهی خبرگان'!$F16=2,'طیف فازی'!$C$3,IF('امتیاز دهی خبرگان'!$F16=3,'طیف فازی'!$C$4,IF('امتیاز دهی خبرگان'!$F16=4,'طیف فازی'!$C$5,'طیف فازی'!$C$6))))) -> 1 | N16: =IF('امتیاز دهی خبرگان'!$F16=0,0,IF('امتیاز دهی خبرگان'!$F16=1,'طیف فازی'!$D$2,IF('امتیاز دهی خبرگان'!$F16=2,'طیف فازی'!$D$3,IF('امتیاز دهی خبرگان'!$F16=3,'طیف فازی'!$D$4,IF('امتیاز دهی خبرگان'!$F16=4,'طیف فازی'!$D$5,'طیف فازی'!$D$6))))) -> 1 | O16: =IF('امتیاز دهی خبرگان'!$G16=0,0,IF('امتیاز دهی خبرگان'!$G16=1,'طیف فازی'!$B$2,IF('امتیاز دهی خبرگان'!$G16=2,'طیف فازی'!$B$3,IF('امتیاز دهی خبرگان'!$G16=3,'طیف فازی'!$B$4,IF('امتیاز دهی خبرگان'!$G16=4,'طیف فازی'!$B$5,'طیف فازی'!$B$6))))) -> 0.25 | P16: =IF('امتیاز دهی خبرگان'!$G16=0,0,IF('امتیاز دهی خبرگان'!$G16=1,'طیف فازی'!$C$2,IF('امتیاز دهی خبرگان'!$G16=2,'طیف فازی'!$C$3,IF('امتیاز دهی خبرگان'!$G16=3,'طیف فازی'!$C$4,IF('امتیاز دهی خبرگان'!$G16=4,'طیف فازی'!$C$5,'طیف فازی'!$C$6))))) -> 0.5 | Q16: =IF('امتیاز دهی خبرگان'!$G16=0,0,IF('امتیاز دهی خبرگان'!$G16=1,'طیف فازی'!$D$2,IF('امتیاز دهی خبرگان'!$G16=2,'طیف فازی'!$D$3,IF('امتیاز دهی خبرگان'!$G16=3,'طیف فازی'!$D$4,IF('امتیاز دهی خبرگان'!$G16=4,'طیف فازی'!$D$5,'طیف فازی'!$D$6))))) -> 0.75 | R16: =IF('امتیاز دهی خبرگان'!$H16=0,0,IF('امتیاز دهی خبرگان'!$H16=1,'طیف فازی'!$B$2,IF('امتیاز دهی خبرگان'!$H16=2,'طیف فازی'!$B$3,IF('امتیاز دهی خبرگان'!$H16=3,'طیف فازی'!$B$4,IF('امتیاز دهی خبرگان'!$H16=4,'طیف فازی'!$B$5,'طیف فازی'!$B$6))))) -> 0.5 | S16: =IF('امتیاز دهی خبرگان'!$H16=0,0,IF('امتیاز دهی خبرگان'!$H16=1,'طیف فازی'!$C$2,IF('امتیاز دهی خبرگان'!$H16=2,'طیف فازی'!$C$3,IF('امتیاز دهی خبرگان'!$H16=3,'طیف فازی'!$C$4,IF('امتیاز دهی خبرگان'!$H16=4,'طیف فازی'!$C$5,'طیف فازی'!$C$6))))) -> 0.75 | T16: =IF('امتیاز دهی خبرگان'!$H16=0,0,IF('امتیاز دهی خبرگان'!$H16=1,'طیف فازی'!$D$2,IF('امتیاز دهی خبرگان'!$H16=2,'طیف فازی'!$D$3,IF('امتیاز دهی خبرگان'!$H16=3,'طیف فازی'!$D$4,IF('امتیاز دهی خبرگان'!$H16=4,'طیف فازی'!$D$5,'طیف فازی'!$D$6))))) -> 1 | U16: =IF('امتیاز دهی خبرگان'!$I16=0,0,IF('امتیاز دهی خبرگان'!$I16=1,'طیف فازی'!$B$2,IF('امتیاز دهی خبرگان'!$I16=2,'طیف فازی'!$B$3,IF('امتیاز دهی خبرگان'!$I16=3,'طیف فازی'!$B$4,IF('امتیاز دهی خبرگان'!$I16=4,'طیف فازی'!$B$5,'طیف فازی'!$B$6))))) -> 0.25 | V16: =IF('امتیاز دهی خبرگان'!$I16=0,0,IF('امتیاز دهی خبرگان'!$I16=1,'طیف فازی'!$C$2,IF('امتیاز دهی خبرگان'!$I16=2,'طیف فازی'!$C$3,IF('امتیاز دهی خبرگان'!$I16=3,'طیف فازی'!$C$4,IF('امتیاز دهی خبرگان'!$I16=4,'طیف فازی'!$C$5,'طیف فازی'!$C$6))))) -> 0.5 | W16: =IF('امتیاز دهی خبرگان'!$I16=0,0,IF('امتیاز دهی خبرگان'!$I16=1,'طیف فازی'!$D$2,IF('امتیاز دهی خبرگان'!$I16=2,'طیف فازی'!$D$3,IF('امتیاز دهی خبرگان'!$I16=3,'طیف فازی'!$D$4,IF('امتیاز دهی خبرگان'!$I16=4,'طیف فازی'!$D$5,'طیف فازی'!$D$6))))) -> 0.75 | X16: =IF('امتیاز دهی خبرگان'!$J16=0,0,IF('امتیاز دهی خبرگان'!$J16=1,'طیف فازی'!$B$2,IF('امتیاز دهی خبرگان'!$J16=2,'طیف فازی'!$B$3,IF('امتیاز دهی خبرگان'!$J16=3,'طیف فازی'!$B$4,IF('امتیاز دهی خبرگان'!$J16=4,'طیف فازی'!$B$5,'طیف فازی'!$B$6))))) -> 0.25 | Y16: =IF('امتیاز دهی خبرگان'!$J16=0,0,IF('امتیاز دهی خبرگان'!$J16=1,'طیف فازی'!$C$2,IF('امتیاز دهی خبرگان'!$J16=2,'طیف فازی'!$C$3,IF('امتیاز دهی خبرگان'!$J16=3,'طیف فازی'!$C$4,IF('امتیاز دهی خبرگان'!$J16=4,'طیف فازی'!$C$5,'طیف فازی'!$C$6))))) -> 0.5 | Z16: =IF('امتیاز دهی خبرگان'!$J16=0,0,IF('امتیاز دهی خبرگان'!$J16=1,'طیف فازی'!$D$2,IF('امتیاز دهی خبرگان'!$J16=2,'طیف فازی'!$D$3,IF('امتیاز دهی خبرگان'!$J16=3,'طیف فازی'!$D$4,IF('امتیاز دهی خبرگان'!$J16=4,'طیف فازی'!$D$5,'طیف فازی'!$D$6))))) -> 0.75 | AA16: =IF('امتیاز دهی خبرگان'!$K16=0,0,IF('امتیاز دهی خبرگان'!$K16=1,'طیف فازی'!$B$2,IF('امتیاز دهی خبرگان'!$K16=2,'طیف فازی'!$B$3,IF('امتیاز دهی خبرگان'!$K16=3,'طیف فازی'!$B$4,IF('امتیاز دهی خبرگان'!$K16=4,'طیف فازی'!$B$5,'طیف فازی'!$B$6))))) -> 0 | AB16: =IF('امتیاز دهی خبرگان'!$K16=0,0,IF('امتیاز دهی خبرگان'!$K16=1,'طیف فازی'!$C$2,IF('امتیاز دهی خبرگان'!$K16=2,'طیف فازی'!$C$3,IF('امتیاز دهی خبرگان'!$K16=3,'طیف فازی'!$C$4,IF('امتیاز دهی خبرگان'!$K16=4,'طیف فازی'!$C$5,'طیف فازی'!$C$6))))) -> 0 | AC16: =IF('امتیاز دهی خبرگان'!$K16=0,0,IF('امتیاز دهی خبرگان'!$K16=1,'طیف فازی'!$D$2,IF('امتیاز دهی خبرگان'!$K16=2,'طیف فازی'!$D$3,IF('امتیاز دهی خبرگان'!$K16=3,'طیف فازی'!$D$4,IF('امتیاز دهی خبرگان'!$K16=4,'طیف فازی'!$D$5,'طیف فازی'!$D$6))))) -> 0.25 | AD16: =IF('امتیاز دهی خبرگان'!$L16=0,0,IF('امتیاز دهی خبرگان'!$L16=1,'طیف فازی'!$B$2,IF('امتیاز دهی خبرگان'!$L16=2,'طیف فازی'!$B$3,IF('امتیاز دهی خبرگان'!$L16=3,'طیف فازی'!$B$4,IF('امتیاز دهی خبرگان'!$L16=4,'طیف فازی'!$B$5,'طیف فازی'!$B$6))))) -> 0 | AE16: =IF('امتیاز دهی خبرگان'!$L16=0,0,IF('امتیاز دهی خبرگان'!$L16=1,'طیف فازی'!$C$2,IF('امتیاز دهی خبرگان'!$L16=2,'طیف فازی'!$C$3,IF('امتیاز دهی خبرگان'!$L16=3,'طیف فازی'!$C$4,IF('امتیاز دهی خبرگان'!$L16=4,'طیف فازی'!$C$5,'طیف فازی'!$C$6))))) -> 0 | AF16: =IF('امتیاز دهی خبرگان'!$L16=0,0,IF('امتیاز دهی خبرگان'!$L16=1,'طیف فازی'!$D$2,IF('امتیاز دهی خبرگان'!$L16=2,'طیف فازی'!$D$3,IF('امتیاز دهی خبرگان'!$L16=3,'طیف فازی'!$D$4,IF('امتیاز دهی خبرگان'!$L16=4,'طیف فازی'!$D$5,'طیف فازی'!$D$6))))) -> 0.25 | AG16: =IF('امتیاز دهی خبرگان'!$M16=0,0,IF('امتیاز دهی خبرگان'!$M16=1,'طیف فازی'!$B$2,IF('امتیاز دهی خبرگان'!$M16=2,'طیف فازی'!$B$3,IF('امتیاز دهی خبرگان'!$M16=3,'طیف فازی'!$B$4,IF('امتیاز دهی خبرگان'!$M16=4,'طیف فازی'!$B$5,'طیف فازی'!$B$6))))) -> 0 | AH16: =IF('امتیاز دهی خبرگان'!$M16=0,0,IF('امتیاز دهی خبرگان'!$M16=1,'طیف فازی'!$C$2,IF('امتیاز دهی خبرگان'!$M16=2,'طیف فازی'!$C$3,IF('امتیاز دهی خبرگان'!$M16=3,'طیف فازی'!$C$4,IF('امتیاز دهی خبرگان'!$M16=4,'طیف فازی'!$C$5,'طیف فازی'!$C$6))))) -> 0.25 | AI16: =IF('امتیاز دهی خبرگان'!$M16=0,0,IF('امتیاز دهی خبرگان'!$M16=1,'طیف فازی'!$D$2,IF('امتیاز دهی خبرگان'!$M16=2,'طیف فازی'!$D$3,IF('امتیاز دهی خبرگان'!$M16=3,'طیف فازی'!$D$4,IF('امتیاز دهی خبرگان'!$M16=4,'طیف فازی'!$D$5,'طیف فازی'!$D$6))))) -> 0.5 | AJ16: =IF('امتیاز دهی خبرگان'!$N16=0,0,IF('امتیاز دهی خبرگان'!$N16=1,'طیف فازی'!$B$2,IF('امتیاز دهی خبرگان'!$N16=2,'طیف فازی'!$B$3,IF('امتیاز دهی خبرگان'!$N16=3,'طیف فازی'!$B$4,IF('امتیاز دهی خبرگان'!$N16=4,'طیف فازی'!$B$5,'طیف فازی'!$B$6))))) -> 0.5 | AK16: =IF('امتیاز دهی خبرگان'!$N16=0,0,IF('امتیاز دهی خبرگان'!$N16=1,'طیف فازی'!$C$2,IF('امتیاز دهی خبرگان'!$N16=2,'طیف فازی'!$C$3,IF('امتیاز دهی خبرگان'!$N16=3,'طیف فازی'!$C$4,IF('امتیاز دهی خبرگان'!$N16=4,'طیف فازی'!$C$5,'طیف فازی'!$C$6))))) -> 0.75 | AL16: =IF('امتیاز دهی خبرگان'!$N16=0,0,IF('امتیاز دهی خبرگان'!$N16=1,'طیف فازی'!$D$2,IF('امتیاز دهی خبرگان'!$N16=2,'طیف فازی'!$D$3,IF('امتیاز دهی خبرگان'!$N16=3,'طیف فازی'!$D$4,IF('امتیاز دهی خبرگان'!$N16=4,'طیف فازی'!$D$5,'طیف فازی'!$D$6))))) -> 1 | AM16: =C16+F16+I16+L16+O16+R16+U16+X16+AA16+AD16+AG16+AJ16 -> 3.25 | AN16: =D16+G16+J16+M16+P16+S16+V16+Y16+AB16+AE16+AH16+AK16 -> 5.75 | AO16: =E16+H16+K16+N16+Q16+T16+W16+Z16+AC16+AF16+AI16+AL16 -> 8.5 | AP16: =(AM16)/$AU$4 -> 0.27083333 | AQ16: =(AN16)/$AU$4 -> 0.47916667 | AR16: =(AO16)/$AU$4 -> 0.70833333 | AS16: =AVERAGE(AP16:AR16) -> 0.48611111 | AT16: =IF(AS16>=0.7,"Pass","Not Pass") -> Not Pass
... B63: 61 | C63: =IF('امتیاز دهی خبرگان'!$C63=0,0,IF('امتیاز دهی خبرگان'!$C63=1,'طیف فازی'!$B$2,IF('امتیاز دهی خبرگان'!$C63=2,'طیف فازی'!$B$3,IF('امتیاز دهی خبرگان'!$C63=3,'طیف فازی'!$B$4,IF('امتیاز دهی خبرگان'!$C63=4,'طیف فازی'!$B$5,'طیف فازی'!$B$6))))) -> 0.75 | D63: =IF('امتیاز دهی خبرگان'!$C63=0,0,IF('امتیاز دهی خبرگان'!$C63=1,'طیف فازی'!$C$2,IF('امتیاز دهی خبرگان'!$C63=2,'طیف فازی'!$C$3,IF('امتیاز دهی خبرگان'!$C63=3,'طیف فازی'!$C$4,IF('امتیاز دهی خبرگان'!$C63=4,'طیف فازی'!$C$5,'طیف فازی'!$C$6))))) -> 1 | E63: =IF('امتیاز دهی خبرگان'!$C63=0,0,IF('امتیاز دهی خبرگان'!$C63=1,'طیف فازی'!$D$2,IF('امتیاز دهی خبرگان'!$C63=2,'طیف فازی'!$D$3,IF('امتیاز دهی خبرگان'!$C63=3,'طیف فازی'!$D$4,IF('امتیاز دهی خبرگان'!$C63=4,'طیف فازی'!$D$5,'طیف فازی'!$D$6))))) -> 1 | F63: =IF('امتیاز دهی خبرگان'!$D63=0,0,IF('امتیاز دهی خبرگان'!$D63=1,'طیف فازی'!$B$2,IF('امتیاز دهی خبرگان'!$D63=2,'طیف فازی'!$B$3,IF('امتیاز دهی خبرگان'!$D63=3,'طیف فازی'!$B$4,IF('امتیاز دهی خبرگان'!$D63=4,'طیف فازی'!$B$5,'طیف فازی'!$B$6))))) -> 0.5 | G63: =IF('امتیاز دهی خبرگان'!$D63=0,0,IF('امتیاز دهی خبرگان'!$D63=1,'طیف فازی'!$D$2,IF('امتیاز دهی خبرگان'!$D63=2,'طیف فازی'!$C$3,IF('امتیاز دهی خبرگان'!$D63=3,'طیف فازی'!$C$4,IF('امتیاز دهی خبرگان'!$D63=4,'طیف فازی'!$C$5,'طیف فازی'!$C$6))))) -> 0.75 | H63: =IF('امتیاز دهی خبرگان'!$D63=0,0,IF('امتیاز دهی خبرگان'!$D63=1,'طیف فازی'!$D$2,IF('امتیاز دهی خبرگان'!$D63=2,'طیف فازی'!$D$3,IF('امتیاز دهی خبرگان'!$D63=3,'طیف فازی'!$D$4,IF('امتیاز دهی خبرگان'!$D63=4,'طیف فازی'!$D$5,'طیف فازی'!$D$6))))) -> 1 | I63: =IF('امتیاز دهی خبرگان'!$E63=0,0,IF('امتیاز دهی خبرگان'!$E63=1,'طیف فازی'!$B$2,IF('امتیاز دهی خبرگان'!$E63=2,'طیف فازی'!$B$3,IF('امتیاز دهی خبرگان'!$E63=3,'طیف فازی'!$B$4,IF('امتیاز دهی خبرگان'!$E63=4,'طیف فازی'!$B$5,'طیف فازی'!$B$6))))) -> 0.75 | J63: =IF('امتیاز دهی خبرگان'!$E63=0,0,IF('امتیاز دهی خبرگان'!$E63=1,'طیف فازی'!$C$2,IF('امتیاز دهی خبرگان'!$E63=2,'طیف فازی'!$C$3,IF('امتیاز دهی خبرگان'!$E63=3,'طیف فازی'!$C$4,IF('امتیاز دهی خبرگان'!$E63=4,'طیف فازی'!$C$5,'طیف فازی'!$C$6))))) -> 1 | K63: =IF('امتیاز دهی خبرگان'!$E63=0,0,IF('امتیاز دهی خبرگان'!$E63=1,'طیف فازی'!$D$2,IF('امتیاز دهی خبرگان'!$E63=2,'طیف فازی'!$D$3,IF('امتیاز دهی خبرگان'!$E63=3,'طیف فازی'!$D$4,IF('امتیاز دهی خبرگان'!$E63=4,'طیف فازی'!$D$5,'طیف فازی'!$D$6))))) -> 1 | L63: =IF('امتیاز دهی خبرگان'!$F63=0,0,IF('امتیاز دهی خبرگان'!$F63=1,'طیف فازی'!$B$2,IF('امتیاز دهی خبرگان'!$F63=2,'طیف فازی'!$B$3,IF('امتیاز دهی خبرگان'!$F63=3,'طیف فازی'!$B$4,IF('امتیاز دهی خبرگان'!$F63=4,'طیف فازی'!$B$5,'طیف فازی'!$B$6))))) -> 0.5 | M63: =IF('امتیاز دهی خبرگان'!$F63=0,0,IF('امتیاز دهی خبرگان'!$F63=1,'طیف فازی'!$C$2,IF('امتیاز دهی خبرگان'!$F63=2,'طیف فازی'!$C$3,IF('امتیاز دهی خبرگان'!$F63=3,'طیف فازی'!$C$4,IF('امتیاز دهی خبرگان'!$F63=4,'طیف فازی'!$C$5,'طیف فازی'!$C$6))))) -> 0.75 | N63: =IF('امتیاز دهی خبرگان'!$F63=0,0,IF('امتیاز دهی خبرگان'!$F63=1,'طیف فازی'!$D$2,IF('امتیاز دهی خبرگان'!$F63=2,'طیف فازی'!$D$3,IF('امتیاز دهی خبرگان'!$F63=3,'طیف فازی'!$D$4,IF('امتیاز دهی خبرگان'!$F63=4,'طیف فازی'!$D$5,'طیف فازی'!$D$6))))) -> 1 | O63: =IF('امتیاز دهی خبرگان'!$G63=0,0,IF('امتیاز دهی خبرگان'!$G63=1,'طیف فازی'!$B$2,IF('امتیاز دهی خبرگان'!$G63=2,'طیف فازی'!$B$3,IF('امتیاز دهی خبرگان'!$G63=3,'طیف فازی'!$B$4,IF('امتیاز دهی خبرگان'!$G63=4,'طیف فازی'!$B$5,'طیف فازی'!$B$6))))) -> 0 | P63: =IF('امتیاز دهی خبرگان'!$G63=0,0,IF('امتیاز دهی خبرگان'!$G63=1,'طیف فازی'!$C$2,IF('امتیاز دهی خبرگان'!$G63=2,'طیف فازی'!$C$3,IF('امتیاز دهی خبرگان'!$G63=3,'طیف فازی'!$C$4,IF('امتیاز دهی خبرگان'!$G63=4,'طیف فازی'!$C$5,'طیف فازی'!$C$6))))) -> 0.25 | Q63: =IF('امتیاز دهی خبرگان'!$G63=0,0,IF('امتیاز دهی خبرگان'!$G63=1,'طیف فازی'!$D$2,IF('امتیاز دهی خبرگان'!$G63=2,'طیف فازی'!$D$3,IF('امتیاز دهی خبرگان'!$G63=3,'طیف فازی'!$D$4,IF('امتیاز دهی خبرگان'!$G63=4,'طیف فازی'!$D$5,'طیف فازی'!$D$6))))) -> 0.5 | R63: =IF('امتیاز دهی خبرگان'!$H63=0,0,IF('امتیاز دهی خبرگان'!$H63=1,'طیف فازی'!$B$2,IF('امتیاز دهی خبرگان'!$H63=2,'طیف فازی'!$B$3,IF('امتیاز دهی خبرگان'!$H63=3,'طیف فازی'!$B$4,IF('امتیاز دهی خبرگان'!$H63=4,'طیف فازی'!$B$5,'طیف فازی'!$B$6))))) -> 0.25 | S63: =IF('امتیاز دهی خبرگان'!$H63=0,0,IF('امتیاز دهی خبرگان'!$H63=1,'طیف فازی'!$C$2,IF('امتیاز دهی خبرگان'!$H63=2,'طیف فازی'!$C$3,IF('امتیاز دهی خبرگان'!$H63=3,'طیف فازی'!$C$4,IF('امتیاز دهی خبرگان'!$H63=4,'طیف فازی'!$C$5,'طیف فازی'!$C$6))))) -> 0.5 | T63: =IF('امتیاز دهی خبرگان'!$H63=0,0,IF('امتیاز دهی خبرگان'!$H63=1,'طیف فازی'!$D$2,IF('امتیاز دهی خبرگان'!$H63=2,'طیف فازی'!$D$3,IF('امتیاز دهی خبرگان'!$H63=3,'طیف فازی'!$D$4,IF('امتیاز دهی خبرگان'!$H63=4,'طیف فازی'!$D$5,'طیف فازی'!$D$6))))) -> 0.75 | U63: =IF('امتیاز دهی خبرگان'!$I63=0,0,IF('امتیاز دهی خبرگان'!$I63=1,'طیف فازی'!$B$2,IF('امتیاز دهی خبرگان'!$I63=2,'طیف فازی'!$B$3,IF('امتیاز دهی خبرگان'!$I63=3,'طیف فازی'!$B$4,IF('امتیاز دهی خبرگان'!$I63=4,'طیف فازی'!$B$5,'طیف فازی'!$B$6))))) -> 0.75 | V63: =IF('امتیاز دهی خبرگان'!$I63=0,0,IF('امتیاز دهی خبرگان'!$I63=1,'طیف فازی'!$C$2,IF('امتیاز دهی خبرگان'!$I63=2,'طیف فازی'!$C$3,IF('امتیاز دهی خبرگان'!$I63=3,'طیف فازی'!$C$4,IF('امتیاز دهی خبرگان'!$I63=4,'طیف فازی'!$C$5,'طیف فازی'!$C$6))))) -> 1 | W63: =IF('امتیاز دهی خبرگان'!$I63=0,0,IF('امتیاز دهی خبرگان'!$I63=1,'طیف فازی'!$D$2,IF('امتیاز دهی خبرگان'!$I63=2,'طیف فازی'!$D$3,IF('امتیاز دهی خبرگان'!$I63=3,'طیف فازی'!$D$4,IF('امتیاز دهی خبرگان'!$I63=4,'طیف فازی'!$D$5,'طیف فازی'!$D$6))))) -> 1 | X63: =IF('امتیاز دهی خبرگان'!$J63=0,0,IF('امتیاز دهی خبرگان'!$J63=1,'طیف فازی'!$B$2,IF('امتیاز دهی خبرگان'!$J63=2,'طیف فازی'!$B$3,IF('امتیاز دهی خبرگان'!$J63=3,'طیف فازی'!$B$4,IF('امتیاز دهی خبرگان'!$J63=4,'طیف فازی'!$B$5,'طیف فازی'!$B$6))))) -> 0.75 | Y63: =IF('امتیاز دهی خبرگان'!$J63=0,0,IF('امتیاز دهی خبرگان'!$J63=1,'طیف فازی'!$C$2,IF('امتیاز دهی خبرگان'!$J63=2,'طیف فازی'!$C$3,IF('امتیاز دهی خبرگان'!$J63=3,'طیف فازی'!$C$4,IF('امتیاز دهی خبرگان'!$J63=4,'طیف فازی'!$C$5,'طیف فازی'!$C$6))))) -> 1 | Z63: =IF('امتیاز دهی خبرگان'!$J63=0,0,IF('امتیاز دهی خبرگان'!$J63=1,'طیف فازی'!$D$2,IF('امتیاز دهی خبرگان'!$J63=2,'طیف فازی'!$D$3,IF('امتیاز دهی خبرگان'!$J63=3,'طیف فازی'!$D$4,IF('امتیاز دهی خبرگان'!$J63=4,'طیف فازی'!$D$5,'طیف فازی'!$D$6))))) -> 1 | AA63: =IF('امتیاز دهی خبرگان'!$K63=0,0,IF('امتیاز دهی خبرگان'!$K63=1,'طیف فازی'!$B$2,IF('امتیاز دهی خبرگان'!$K63=2,'طیف فازی'!$B$3,IF('امتیاز دهی خبرگان'!$K63=3,'طیف فازی'!$B$4,IF('امتیاز دهی خبرگان'!$K63=4,'طیف فازی'!$B$5,'طیف فازی'!$B$6))))) -> 0.5 | AB63: =IF('امتیاز دهی خبرگان'!$K63=0,0,IF('امتیاز دهی خبرگان'!$K63=1,'طیف فازی'!$C$2,IF('امتیاز دهی خبرگان'!$K63=2,'طیف فازی'!$C$3,IF('امتیاز دهی خبرگان'!$K63=3,'طیف فازی'!$C$4,IF('امتیاز دهی خبرگان'!$K63=4,'طیف فازی'!$C$5,'طیف فازی'!$C$6))))) -> 0.75 | AC63: =IF('امتیاز دهی خبرگان'!$K63=0,0,IF('امتیاز دهی خبرگان'!$K63=1,'طیف فازی'!$D$2,IF('امتیاز دهی خبرگان'!$K63=2,'طیف فازی'!$D$3,IF('امتیاز دهی خبرگان'!$K63=3,'طیف فازی'!$D$4,IF('امتیاز دهی خبرگان'!$K63=4,'طیف فازی'!$D$5,'طیف فازی'!$D$6))))) -> 1 | AD63: =IF('امتیاز دهی خبرگان'!$L63=0,0,IF('امتیاز دهی خبرگان'!$L63=1,'طیف فازی'!$B$2,IF('امتیاز دهی خبرگان'!$L63=2,'طیف فازی'!$B$3,IF('امتیاز دهی خبرگان'!$L63=3,'طیف فازی'!$B$4,IF('امتیاز دهی خبرگان'!$L63=4,'طیف فازی'!$B$5,'طیف فازی'!$B$6))))) -> 0.75 | AE63: =IF('امتیاز دهی خبرگان'!$L63=0,0,IF('امتیاز دهی خبرگان'!$L63=1,'طیف فازی'!$C$2,IF('امتیاز دهی خبرگان'!$L63=2,'طیف فازی'!$C$3,IF('امتیاز دهی خبرگان'!$L63=3,'طیف فازی'!$C$4,IF('امتیاز دهی خبرگان'!$L63=4,'طیف فازی'!$C$5,'طیف فازی'!$C$6))))) -> 1 | AF63: =IF('امتیاز دهی خبرگان'!$L63=0,0,IF('امتیاز دهی خبرگان'!$L63=1,'طیف فازی'!$D$2,IF('امتیاز دهی خبرگان'!$L63=2,'طیف فازی'!$D$3,IF('امتیاز دهی خبرگان'!$L63=3,'طیف فازی'!$D$4,IF('امتیاز دهی خبرگان'!$L63=4,'طیف فازی'!$D$5,'طیف فازی'!$D$6))))) -> 1 | AG63: =IF('امتیاز دهی خبرگان'!$M63=0,0,IF('امتیاز دهی خبرگان'!$M63=1,'طیف فازی'!$B$2,IF('امتیاز دهی خبرگان'!$M63=2,'طیف فازی'!$B$3,IF('امتیاز دهی خبرگان'!$M63=3,'طیف فازی'!$B$4,IF('امتیاز دهی خبرگان'!$M63=4,'طیف فازی'!$B$5,'طیف فازی'!$B$6))))) -> 0.5 | AH63: =IF('امتیاز دهی خبرگان'!$M63=0,0,IF('امتیاز دهی خبرگان'!$M63=1,'طیف فازی'!$C$2,IF('امتیاز دهی خبرگان'!$M63=2,'طیف فازی'!$C$3,IF('امتیاز دهی خبرگان'!$M63=3,'طیف فازی'!$C$4,IF('امتیاز دهی خبرگان'!$M63=4,'طیف فازی'!$C$5,'طیف فازی'!$C$6))))) -> 0.75 | AI63: =IF('امتیاز دهی خبرگان'!$M63=0,0,IF('امتیاز دهی خبرگان'!$M63=1,'طیف فازی'!$D$2,IF('امتیاز دهی خبرگان'!$M63=2,'طیف فازی'!$D$3,IF('امتیاز دهی خبرگان'!$M63=3,'طیف فازی'!$D$4,IF('امتیاز دهی خبرگان'!$M63=4,'طیف فازی'!$D$5,'طیف فازی'!$D$6))))) -> 1 | AJ63: =IF('امتیاز دهی خبرگان'!$N63=0,0,IF('امتیاز دهی خبرگان'!$N63=1,'طیف فازی'!$B$2,IF('امتیاز دهی خبرگان'!$N63=2,'طیف فازی'!$B$3,IF('امتیاز دهی خبرگان'!$N63=3,'طیف فازی'!$B$4,IF('امتیاز دهی خبرگان'!$N63=4,'طیف فازی'!$B$5,'طیف فازی'!$B$6))))) -> 0.75 | AK63: =IF('امتیاز دهی خبرگان'!$N63=0,0,IF('امتیاز دهی خبرگان'!$N63=1,'طیف فازی'!$C$2,IF('امتیاز دهی خبرگان'!$N63=2,'طیف فازی'!$C$3,IF('امتیاز دهی خبرگان'!$N63=3,'طیف فازی'!$C$4,IF('امتیاز دهی خبرگان'!$N63=4,'طیف فازی'!$C$5,'طیف فازی'!$C$6))))) -> 1 | AL63: =IF('امتیاز دهی خبرگان'!$N63=0,0,IF('امتیاز دهی خبرگان'!$N63=1,'طیف فازی'!$D$2,IF('امتیاز دهی خبرگان'!$N63=2,'طیف فازی'!$D$3,IF('امتیاز دهی خبرگان'!$N63=3,'طیف فازی'!$D$4,IF('امتیاز دهی خبرگان'!$N63=4,'طیف فازی'!$D$5,'طیف فازی'!$D$6))))) -> 1 | AM63: =C63+F63+I63+L63+O63+R63+U63+X63+AA63+AD63+AG63+AJ63 -> 6.75 | AN63: =D63+G63+J63+M63+P63+S63+V63+Y63+AB63+AE63+AH63+AK63 -> 9.75 | AO63: =E63+H63+K63+N63+Q63+T63+W63+Z63+AC63+AF63+AI63+AL63 -> 11.25 | AP63: =(AM63)/$AU$4 -> 0.5625 | AQ63: =(AN63)/$AU$4 -> 0.8125 | AR63: =(AO63)/$AU$4 -> 0.9375 | AS63: =AVERAGE(AP63:AR63) -> 0.77083333 | AT63: =IF(AS63>=0.7,"Pass","Not Pass") -> Pass
B64: 61* | C64: =IF('امتیاز دهی خبرگان'!$C64=0,0,IF('امتیاز دهی خبرگان'!$C64=1,'طیف فازی'!$B$2,IF('امتیاز دهی خبرگان'!$C64=2,'طیف فازی'!$B$3,IF('امتیاز دهی خبرگان'!$C64=3,'طیف فازی'!$B$4,IF('امتیاز دهی خبرگان'!$C64=4,'طیف فازی'!$B$5,'طیف فازی'!$B$6))))) -> 0.75 | D64: =IF('امتیاز دهی خبرگان'!$C64=0,0,IF('امتیاز دهی خبرگان'!$C64=1,'طیف فازی'!$C$2,IF('امتیاز دهی خبرگان'!$C64=2,'طیف فازی'!$C$3,IF('امتیاز دهی خبرگان'!$C64=3,'طیف فازی'!$C$4,IF('امتیاز دهی خبرگان'!$C64=4,'طیف فازی'!$C$5,'طیف فازی'!$C$6))))) -> 1 | E64: =IF('امتیاز دهی خبرگان'!$C64=0,0,IF('امتیاز دهی خبرگان'!$C64=1,'طیف فازی'!$D$2,IF('امتیاز دهی خبرگان'!$C64=2,'طیف فازی'!$D$3,IF('امتیاز دهی خبرگان'!$C64=3,'طیف فازی'!$D$4,IF('امتیاز دهی خبرگان'!$C64=4,'طیف فازی'!$D$5,'طیف فازی'!$D$6))))) -> 1 | F64: =IF('امتیاز دهی خبرگان'!$D64=0,0,IF('امتیاز دهی خبرگان'!$D64=1,'طیف فازی'!$B$2,IF('امتیاز دهی خبرگان'!$D64=2,'طیف فازی'!$B$3,IF('امتیاز دهی خبرگان'!$D64=3,'طیف فازی'!$B$4,IF('امتیاز دهی خبرگان'!$D64=4,'طیف فازی'!$B$5,'طیف فازی'!$B$6))))) -> 0.5 | G64: =IF('امتیاز دهی خبرگان'!$D64=0,0,IF('امتیاز دهی خبرگان'!$D64=1,'طیف فازی'!$D$2,IF('امتیاز دهی خبرگان'!$D64=2,'طیف فازی'!$C$3,IF('امتیاز دهی خبرگان'!$D64=3,'طیف فازی'!$C$4,IF('امتیاز دهی خبرگان'!$D64=4,'طیف فازی'!$C$5,'طیف فازی'!$C$6))))) -> 0.75 | H64: =IF('امتیاز دهی خبرگان'!$D64=0,0,IF('امتیاز دهی خبرگان'!$D64=1,'طیف فازی'!$D$2,IF('امتیاز دهی خبرگان'!$D64=2,'طیف فازی'!$D$3,IF('امتیاز دهی خبرگان'!$D64=3,'طیف فازی'!$D$4,IF('امتیاز دهی خبرگان'!$D64=4,'طیف فازی'!$D$5,'طیف فازی'!$D$6))))) -> 1 | I64: =IF('امتیاز دهی خبرگان'!$E64=0,0,IF('امتیاز دهی خبرگان'!$E64=1,'طیف فازی'!$B$2,IF('امتیاز دهی خبرگان'!$E64=2,'طیف فازی'!$B$3,IF('امتیاز دهی خبرگان'!$E64=3,'طیف فازی'!$B$4,IF('امتیاز دهی خبرگان'!$E64=4,'طیف فازی'!$B$5,'طیف فازی'!$B$6))))) -> 0.75 | J64: =IF('امتیاز دهی خبرگان'!$E64=0,0,IF('امتیاز دهی خبرگان'!$E64=1,'طیف فازی'!$C$2,IF('امتیاز دهی خبرگان'!$E64=2,'طیف فازی'!$C$3,IF('امتیاز دهی خبرگان'!$E64=3,'طیف فازی'!$C$4,IF('امتیاز دهی خبرگان'!$E64=4,'طیف فازی'!$C$5,'طیف فازی'!$C$6))))) -> 1 | K64: =IF('امتیاز دهی خبرگان'!$E64=0,0,IF('امتیاز دهی خبرگان'!$E64=1,'طیف فازی'!$D$2,IF('امتیاز دهی خبرگان'!$E64=2,'طیف فازی'!$D$3,IF('امتیاز دهی خبرگان'!$E64=3,'طیف فازی'!$D$4,IF('امتیاز دهی خبرگان'!$E64=4,'طیف فازی'!$D$5,'طیف فازی'!$D$6))))) -> 1 | L64: =IF('امتیاز دهی خبرگان'!$F64=0,0,IF('امتیاز دهی خبرگان'!$F64=1,'طیف فازی'!$B$2,IF('امتیاز دهی خبرگان'!$F64=2,'طیف فازی'!$B$3,IF('امتیاز دهی خبرگان'!$F64=3,'طیف فازی'!$B$4,IF('امتیاز دهی خبرگان'!$F64=4,'طیف فازی'!$B$5,'طیف فازی'!$B$6))))) -> 0.25 | M64: =IF('امتیاز دهی خبرگان'!$F64=0,0,IF('امتیاز دهی خبرگان'!$F64=1,'طیف فازی'!$C$2,IF('امتیاز دهی خبرگان'!$F64=2,'طیف فازی'!$C$3,IF('امتیاز دهی خبرگان'!$F64=3,'طیف فازی'!$C$4,IF('امتیاز دهی خبرگان'!$F64=4,'طیف فازی'!$C$5,'طیف فازی'!$C$6))))) -> 0.5 | N64: =IF('امتیاز دهی خبرگان'!$F64=0,0,IF('امتیاز دهی خبرگان'!$F64=1,'طیف فازی'!$D$2,IF('امتیاز دهی خبرگان'!$F64=2,'طیف فازی'!$D$3,IF('امتیاز دهی خبرگان'!$F64=3,'طیف فازی'!$D$4,IF('امتیاز دهی خبرگان'!$F64=4,'طیف فازی'!$D$5,'طیف فازی'!$D$6))))) -> 0.75 | O64: =IF('امتیاز دهی خبرگان'!$G64=0,0,IF('امتیاز دهی خبرگان'!$G64=1,'طیف فازی'!$B$2,IF('امتیاز دهی خبرگان'!$G64=2,'طیف فازی'!$B$3,IF('امتیاز دهی خبرگان'!$G64=3,'طیف فازی'!$B$4,IF('امتیاز دهی خبرگان'!$G64=4,'طیف فازی'!$B$5,'طیف فازی'!$B$6))))) -> 0.75 | P64: =IF('امتیاز دهی خبرگان'!$G64=0,0,IF('امتیاز دهی خبرگان'!$G64=1,'طیف فازی'!$C$2,IF('امتیاز دهی خبرگان'!$G64=2,'طیف فازی'!$C$3,IF('امتیاز دهی خبرگان'!$G64=3,'طیف فازی'!$C$4,IF('امتیاز دهی خبرگان'!$G64=4,'طیف فازی'!$C$5,'طیف فازی'!$C$6))))) -> 1 | Q64: =IF('امتیاز دهی خبرگان'!$G64=0,0,IF('امتیاز دهی خبرگان'!$G64=1,'طیف فازی'!$D$2,IF('امتیاز دهی خبرگان'!$G64=2,'طیف فازی'!$D$3,IF('امتیاز دهی خبرگان'!$G64=3,'طیف فازی'!$D$4,IF('امتیاز دهی خبرگان'!$G64=4,'طیف فازی'!$D$5,'طیف فازی'!$D$6))))) -> 1 | R64: =IF('امتیاز دهی خبرگان'!$H64=0,0,IF('امتیاز دهی خبرگان'!$H64=1,'طیف فازی'!$B$2,IF('امتیاز دهی خبرگان'!$H64=2,'طیف فازی'!$B$3,IF('امتیاز دهی خبرگان'!$H64=3,'طیف فازی'!$B$4,IF('امتیاز دهی خبرگان'!$H64=4,'طیف فازی'!$B$5,'طیف فازی'!$B$6))))) -> 0.5 | S64: =IF('امتیاز دهی خبرگان'!$H64=0,0,IF('امتیاز دهی خبرگان'!$H64=1,'طیف فازی'!$C$2,IF('امتیاز دهی خبرگان'!$H64=2,'طیف فازی'!$C$3,IF('امتیاز دهی خبرگان'!$H64=3,'طیف فازی'!$C$4,IF('امتیاز دهی خبرگان'!$H64=4,'طیف فازی'!$C$5,'طیف فازی'!$C$6))))) -> 0.75 | T64: =IF('امتیاز دهی خبرگان'!$H64=0,0,IF('امتیاز دهی خبرگان'!$H64=1,'طیف فازی'!$D$2,IF('امتیاز دهی خبرگان'!$H64=2,'طیف فازی'!$D$3,IF('امتیاز دهی خبرگان'!$H64=3,'طیف فازی'!$D$4,IF('امتیاز دهی خبرگان'!$H64=4,'طیف فازی'!$D$5,'طیف فازی'!$D$6))))) -> 1 | U64: =IF('امتیاز دهی خبرگان'!$I64=0,0,IF('امتیاز دهی خبرگان'!$I64=1,'طیف فازی'!$B$2,IF('امتیاز دهی خبرگان'!$I64=2,'طیف فازی'!$B$3,IF('امتیاز دهی خبرگان'!$I64=3,'طیف فازی'!$B$4,IF('امتیاز دهی خبرگان'!$I64=4,'طیف فازی'!$B$5,'طیف فازی'!$B$6))))) -> 0.5 | V64: =IF('امتیاز دهی خبرگان'!$I64=0,0,IF('امتیاز دهی خبرگان'!$I64=1,'طیف فازی'!$C$2,IF('امتیاز دهی خبرگان'!$I64=2,'طیف فازی'!$C$3,IF('امتیاز دهی خبرگان'!$I64=3,'طیف فازی'!$C$4,IF('امتیاز دهی خبرگان'!$I64=4,'طیف فازی'!$C$5,'طیف فازی'!$C$6))))) -> 0.75 | W64: =IF('امتیاز دهی خبرگان'!$I64=0,0,IF('امتیاز دهی خبرگان'!$I64=1,'طیف فازی'!$D$2,IF('امتیاز دهی خبرگان'!$I64=2,'طیف فازی'!$D$3,IF('امتیاز دهی خبرگان'!$I64=3,'طیف فازی'!$D$4,IF('امتیاز دهی خبرگان'!$I64=4,'طیف فازی'!$D$5,'طیف فازی'!$D$6))))) -> 1 | X64: =IF('امتیاز دهی خبرگان'!$J64=0,0,IF('امتیاز دهی خبرگان'!$J64=1,'طیف فازی'!$B$2,IF('امتیاز دهی خبرگان'!$J64=2,'طیف فازی'!$B$3,IF('امتیاز دهی خبرگان'!$J64=3,'طیف فازی'!$B$4,IF('امتیاز دهی خبرگان'!$J64=4,'طیف فازی'!$B$5,'طیف فازی'!$B$6))))) -> 0.5 | Y64: =IF('امتیاز دهی خبرگان'!$J64=0,0,IF('امتیاز دهی خبرگان'!$J64=1,'طیف فازی'!$C$2,IF('امتیاز دهی خبرگان'!$J64=2,'طیف فازی'!$C$3,IF('امتیاز دهی خبرگان'!$J64=3,'طیف فازی'!$C$4,IF('امتیاز دهی خبرگان'!$J64=4,'طیف فازی'!$C$5,'طیف فازی'!$C$6))))) -> 0.75 | Z64: =IF('امتیاز دهی خبرگان'!$J64=0,0,IF('امتیاز دهی خبرگان'!$J64=1,'طیف فازی'!$D$2,IF('امتیاز دهی خبرگان'!$J64=2,'طیف فازی'!$D$3,IF('امتیاز دهی خبرگان'!$J64=3,'طیف فازی'!$D$4,IF('امتیاز دهی خبرگان'!$J64=4,'طیف فازی'!$D$5,'طیف فازی'!$D$6))))) -> 1 | AA64: =IF('امتیاز دهی خبرگان'!$K64=0,0,IF('امتیاز دهی خبرگان'!$K64=1,'طیف فازی'!$B$2,IF('امتیاز دهی خبرگان'!$K64=2,'طیف فازی'!$B$3,IF('امتیاز دهی خبرگان'!$K64=3,'طیف فازی'!$B$4,IF('امتیاز دهی خبرگان'!$K64=4,'طیف فازی'!$B$5,'طیف فازی'!$B$6))))) -> 0.5 | AB64: =IF('امتیاز دهی خبرگان'!$K64=0,0,IF('امتیاز دهی خبرگان'!$K64=1,'طیف فازی'!$C$2,IF('امتیاز دهی خبرگان'!$K64=2,'طیف فازی'!$C$3,IF('امتیاز دهی خبرگان'!$K64=3,'طیف فازی'!$C$4,IF('امتیاز دهی خبرگان'!$K64=4,'طیف فازی'!$C$5,'طیف فازی'!$C$6))))) -> 0.75 | AC64: =IF('امتیاز دهی خبرگان'!$K64=0,0,IF('امتیاز دهی خبرگان'!$K64=1,'طیف فازی'!$D$2,IF('امتیاز دهی خبرگان'!$K64=2,'طیف فازی'!$D$3,IF('امتیاز دهی خبرگان'!$K64=3,'طیف فازی'!$D$4,IF('امتیاز دهی خبرگان'!$K64=4,'طیف فازی'!$D$5,'طیف فازی'!$D$6))))) -> 1 | AD64: =IF('امتیاز دهی خبرگان'!$L64=0,0,IF('امتیاز دهی خبرگان'!$L64=1,'طیف فازی'!$B$2,IF('امتیاز دهی خبرگان'!$L64=2,'طیف فازی'!$B$3,IF('امتیاز دهی خبرگان'!$L64=3,'طیف فازی'!$B$4,IF('امتیاز دهی خبرگان'!$L64=4,'طیف فازی'!$B$5,'طیف فازی'!$B$6))))) -> 0.5 | AE64: =IF('امتیاز دهی خبرگان'!$L64=0,0,IF('امتیاز دهی خبرگان'!$L64=1,'طیف فازی'!$C$2,IF('امتیاز دهی خبرگان'!$L64=2,'طیف فازی'!$C$3,IF('امتیاز دهی خبرگان'!$L64=3,'طیف فازی'!$C$4,IF('امتیاز دهی خبرگان'!$L64=4,'طیف فازی'!$C$5,'طیف فازی'!$C$6))))) -> 0.75 | AF64: =IF('امتیاز دهی خبرگان'!$L64=0,0,IF('امتیاز دهی خبرگان'!$L64=1,'طیف فازی'!$D$2,IF('امتیاز دهی خبرگان'!$L64=2,'طیف فازی'!$D$3,IF('امتیاز دهی خبرگان'!$L64=3,'طیف فازی'!$D$4,IF('امتیاز دهی خبرگان'!$L64=4,'طیف فازی'!$D$5,'طیف فازی'!$D$6))))) -> 1 | AG64: =IF('امتیاز دهی خبرگان'!$M64=0,0,IF('امتیاز دهی خبرگان'!$M64=1,'طیف فازی'!$B$2,IF('امتیاز دهی خبرگان'!$M64=2,'طیف فازی'!$B$3,IF('امتیاز دهی خبرگان'!$M64=3,'طیف فازی'!$B$4,IF('امتیاز دهی خبرگان'!$M64=4,'طیف فازی'!$B$5,'طیف فازی'!$B$6))))) -> 0.5 | AH64: =IF('امتیاز دهی خبرگان'!$M64=0,0,IF('امتیاز دهی خبرگان'!$M64=1,'طیف فازی'!$C$2,IF('امتیاز دهی خبرگان'!$M64=2,'طیف فازی'!$C$3,IF('امتیاز دهی خبرگان'!$M64=3,'طیف فازی'!$C$4,IF('امتیاز دهی خبرگان'!$M64=4,'طیف فازی'!$C$5,'طیف فازی'!$C$6))))) -> 0.75 | AI64: =IF('امتیاز دهی خبرگان'!$M64=0,0,IF('امتیاز دهی خبرگان'!$M64=1,'طیف فازی'!$D$2,IF('امتیاز دهی خبرگان'!$M64=2,'طیف فازی'!$D$3,IF('امتیاز دهی خبرگان'!$M64=3,'طیف فازی'!$D$4,IF('امتیاز دهی خبرگان'!$M64=4,'طیف فازی'!$D$5,'طیف فازی'!$D$6))))) -> 1 | AJ64: =IF('امتیاز دهی خبرگان'!$N64=0,0,IF('امتیاز دهی خبرگان'!$N64=1,'طیف فازی'!$B$2,IF('امتیاز دهی خبرگان'!$N64=2,'طیف فازی'!$B$3,IF('امتیاز دهی خبرگان'!$N64=3,'طیف فازی'!$B$4,IF('امتیاز دهی خبرگان'!$N64=4,'طیف فازی'!$B$5,'طیف فازی'!$B$6))))) -> 0.5 | AK64: =IF('امتیاز دهی خبرگان'!$N64=0,0,IF('امتیاز دهی خبرگان'!$N64=1,'طیف فازی'!$C$2,IF('امتیاز دهی خبرگان'!$N64=2,'طیف فازی'!$C$3,IF('امتیاز دهی خبرگان'!$N64=3,'طیف فازی'!$C$4,IF('امتیاز دهی خبرگان'!$N64=4,'طیف فازی'!$C$5,'طیف فازی'!$C$6))))) -> 0.75 | AL64: =IF('امتیاز دهی خبرگان'!$N64=0,0,IF('امتیاز دهی خبرگان'!$N64=1,'طیف فازی'!$D$2,IF('امتیاز دهی خبرگان'!$N64=2,'طیف فازی'!$D$3,IF('امتیاز دهی خبرگان'!$N64=3,'طیف فازی'!$D$4,IF('امتیاز دهی خبرگان'!$N64=4,'طیف فازی'!$D$5,'طیف فازی'!$D$6))))) -> 1 | AM64: =C64+F64+I64+L64+O64+R64+U64+X64+AA64+AD64+AG64+AJ64 -> 6.5 | AN64: =D64+G64+J64+M64+P64+S64+V64+Y64+AB64+AE64+AH64+AK64 -> 9.5 | AO64: =E64+H64+K64+N64+Q64+T64+W64+Z64+AC64+AF64+AI64+AL64 -> 11.75 | AP64: =(AM64)/$AU$4 -> 0.54166667 | AQ64: =(AN64)/$AU$4 -> 0.79166667 | AR64: =(AO64)/$AU$4 -> 0.97916667 | AS64: =AVERAGE(AP64:AR64) -> 0.77083333 | AT64: =IF(AS64>=0.7,"Pass","Not Pass") -> Pass
B65: 62 | C65: =IF('امتیاز دهی خبرگان'!$C65=0,0,IF('امتیاز دهی خبرگان'!$C65=1,'طیف فازی'!$B$2,IF('امتیاز دهی خبرگان'!$C65=2,'طیف فازی'!$B$3,IF('امتیاز دهی خبرگان'!$C65=3,'طیف فازی'!$B$4,IF('امتیاز دهی خبرگان'!$C65=4,'طیف فازی'!$B$5,'طیف فازی'!$B$6))))) -> 0.75 | D65: =IF('امتیاز دهی خبرگان'!$C65=0,0,IF('امتیاز دهی خبرگان'!$C65=1,'طیف فازی'!$C$2,IF('امتیاز دهی خبرگان'!$C65=2,'طیف فازی'!$C$3,IF('امتیاز دهی خبرگان'!$C65=3,'طیف فازی'!$C$4,IF('امتیاز دهی خبرگان'!$C65=4,'طیف فازی'!$C$5,'طیف فازی'!$C$6))))) -> 1 | E65: =IF('امتیاز دهی خبرگان'!$C65=0,0,IF('امتیاز دهی خبرگان'!$C65=1,'طیف فازی'!$D$2,IF('امتیاز دهی خبرگان'!$C65=2,'طیف فازی'!$D$3,IF('امتیاز دهی خبرگان'!$C65=3,'طیف فازی'!$D$4,IF('امتیاز دهی خبرگان'!$C65=4,'طیف فازی'!$D$5,'طیف فازی'!$D$6))))) -> 1 | F65: =IF('امتیاز دهی خبرگان'!$D65=0,0,IF('امتیاز دهی خبرگان'!$D65=1,'طیف فازی'!$B$2,IF('امتیاز دهی خبرگان'!$D65=2,'طیف فازی'!$B$3,IF('امتیاز دهی خبرگان'!$D65=3,'طیف فازی'!$B$4,IF('امتیاز دهی خبرگان'!$D65=4,'طیف فازی'!$B$5,'طیف فازی'!$B$6))))) -> 0.25 | G65: =IF('امتیاز دهی خبرگان'!$D65=0,0,IF('امتیاز دهی خبرگان'!$D65=1,'طیف فازی'!$D$2,IF('امتیاز دهی خبرگان'!$D65=2,'طیف فازی'!$C$3,IF('امتیاز دهی خبرگان'!$D65=3,'طیف فازی'!$C$4,IF('امتیاز دهی خبرگان'!$D65=4,'طیف فازی'!$C$5,'طیف فازی'!$C$6))))) -> 0.5 | H65: =IF('امتیاز دهی خبرگان'!$D65=0,0,IF('امتیاز دهی خبرگان'!$D65=1,'طیف فازی'!$D$2,IF('امتیاز دهی خبرگان'!$D65=2,'طیف فازی'!$D$3,IF('امتیاز دهی خبرگان'!$D65=3,'طیف فازی'!$D$4,IF('امتیاز دهی خبرگان'!$D65=4,'طیف فازی'!$D$5,'طیف فازی'!$D$6))))) -> 0.75 | I65: =IF('امتیاز دهی خبرگان'!$E65=0,0,IF('امتیاز دهی خبرگان'!$E65=1,'طیف فازی'!$B$2,IF('امتیاز دهی خبرگان'!$E65=2,'طیف فازی'!$B$3,IF('امتیاز دهی خبرگان'!$E65=3,'طیف فازی'!$B$4,IF('امتیاز دهی خبرگان'!$E65=4,'طیف فازی'!$B$5,'طیف فازی'!$B$6))))) -> 0.75 | J65: =IF('امتیاز دهی خبرگان'!$E65=0,0,IF('امتیاز دهی خبرگان'!$E65=1,'طیف فازی'!$C$2,IF('امتیاز دهی خبرگان'!$E65=2,'طیف فازی'!$C$3,IF('امتیاز دهی خبرگان'!$E65=3,'طیف فازی'!$C$4,IF('امتیاز دهی خبرگان'!$E65=4,'طیف فازی'!$C$5,'طیف فازی'!$C$6))))) -> 1 | K65: =IF('امتیاز دهی خبرگان'!$E65=0,0,IF('امتیاز دهی خبرگان'!$E65=1,'طیف فازی'!$D$2,IF('امتیاز دهی خبرگان'!$E65=2,'طیف فازی'!$D$3,IF('امتیاز دهی خبرگان'!$E65=3,'طیف فازی'!$D$4,IF('امتیاز دهی خبرگان'!$E65=4,'طیف فازی'!$D$5,'طیف فازی'!$D$6))))) -> 1 | L65: =IF('امتیاز دهی خبرگان'!$F65=0,0,IF('امتیاز دهی خبرگان'!$F65=1,'طیف فازی'!$B$2,IF('امتیاز دهی خبرگان'!$F65=2,'طیف فازی'!$B$3,IF('امتیاز دهی خبرگان'!$F65=3,'طیف فازی'!$B$4,IF('امتیاز دهی خبرگان'!$F65=4,'طیف فازی'!$B$5,'طیف فازی'!$B$6))))) -> 0.25 | M65: =IF('امتیاز دهی خبرگان'!$F65=0,0,IF('امتیاز دهی خبرگان'!$F65=1,'طیف فازی'!$C$2,IF('امتیاز دهی خبرگان'!$F65=2,'طیف فازی'!$C$3,IF('امتیاز دهی خبرگان'!$F65=3,'طیف فازی'!$C$4,IF('امتیاز دهی خبرگان'!$F65=4,'طیف فازی'!$C$5,'طیف فازی'!$C$6))))) -> 0.5 | N65: =IF('امتیاز دهی خبرگان'!$F65=0,0,IF('امتیاز دهی خبرگان'!$F65=1,'طیف فازی'!$D$2,IF('امتیاز دهی خبرگان'!$F65=2,'طیف فازی'!$D$3,IF('امتیاز دهی خبرگان'!$F65=3,'طیف فازی'!$D$4,IF('امتیاز دهی خبرگان'!$F65=4,'طیف فازی'!$D$5,'طیف فازی'!$D$6))))) -> 0.75 | O65: =IF('امتیاز دهی خبرگان'!$G65=0,0,IF('امتیاز دهی خبرگان'!$G65=1,'طیف فازی'!$B$2,IF('امتیاز دهی خبرگان'!$G65=2,'طیف فازی'!$B$3,IF('امتیاز دهی خبرگان'!$G65=3,'طیف فازی'!$B$4,IF('امتیاز دهی خبرگان'!$G65=4,'طیف فازی'!$B$5,'طیف فازی'!$B$6))))) -> 0.75 | P65: =IF('امتیاز دهی خبرگان'!$G65=0,0,IF('امتیاز دهی خبرگان'!$G65=1,'طیف فازی'!$C$2,IF('امتیاز دهی خبرگان'!$G65=2,'طیف فازی'!$C$3,IF('امتیاز دهی خبرگان'!$G65=3,'طیف فازی'!$C$4,IF('امتیاز دهی خبرگان'!$G65=4,'طیف فازی'!$C$5,'طیف فازی'!$C$6))))) -> 1 | Q65: =IF('امتیاز دهی خبرگان'!$G65=0,0,IF('امتیاز دهی خبرگان'!$G65=1,'طیف فازی'!$D$2,IF('امتیاز دهی خبرگان'!$G65=2,'طیف فازی'!$D$3,IF('امتیاز دهی خبرگان'!$G65=3,'طیف فازی'!$D$4,IF('امتیاز دهی خبرگان'!$G65=4,'طیف فازی'!$D$5,'طیف فازی'!$D$6))))) -> 1 | R65: =IF('امتیاز دهی خبرگان'!$H65=0,0,IF('امتیاز دهی خبرگان'!$H65=1,'طیف فازی'!$B$2,IF('امتیاز دهی خبرگان'!$H65=2,'طیف فازی'!$B$3,IF('امتیاز دهی خبرگان'!$H65=3,'طیف فازی'!$B$4,IF('امتیاز دهی خبرگان'!$H65=4,'طیف فازی'!$B$5,'طیف فازی'!$B$6))))) -> 0.5 | S65: =IF('امتیاز دهی خبرگان'!$H65=0,0,IF('امتیاز دهی خبرگان'!$H65=1,'طیف فازی'!$C$2,IF('امتیاز دهی خبرگان'!$H65=2,'طیف فازی'!$C$3,IF('امتیاز دهی خبرگان'!$H65=3,'طیف فازی'!$C$4,IF('امتیاز دهی خبرگان'!$H65=4,'طیف فازی'!$C$5,'طیف فازی'!$C$6))))) -> 0.75 | T65: =IF('امتیاز دهی خبرگان'!$H65=0,0,IF('امتیاز دهی خبرگان'!$H65=1,'طیف فازی'!$D$2,IF('امتیاز دهی خبرگان'!$H65=2,'طیف فازی'!$D$3,IF('امتیاز دهی خبرگان'!$H65=3,'طیف فازی'!$D$4,IF('امتیاز دهی خبرگان'!$H65=4,'طیف فازی'!$D$5,'طیف فازی'!$D$6))))) -> 1 | U65: =IF('امتیاز دهی خبرگان'!$I65=0,0,IF('امتیاز دهی خبرگان'!$I65=1,'طیف فازی'!$B$2,IF('امتیاز دهی خبرگان'!$I65=2,'طیف فازی'!$B$3,IF('امتیاز دهی خبرگان'!$I65=3,'طیف فازی'!$B$4,IF('امتیاز دهی خبرگان'!$I65=4,'طیف فازی'!$B$5,'طیف فازی'!$B$6))))) -> 0.5 | V65: =IF('امتیاز دهی خبرگان'!$I65=0,0,IF('امتیاز دهی خبرگان'!$I65=1,'طیف فازی'!$C$2,IF('امتیاز دهی خبرگان'!$I65=2,'طیف فازی'!$C$3,IF('امتیاز دهی خبرگان'!$I65=3,'طیف فازی'!$C$4,IF('امتیاز دهی خبرگان'!$I65=4,'طیف فازی'!$C$5,'طیف فازی'!$C$6))))) -> 0.75 | W65: =IF('امتیاز دهی خبرگان'!$I65=0,0,IF('امتیاز دهی خبرگان'!$I65=1,'طیف فازی'!$D$2,IF('امتیاز دهی خبرگان'!$I65=2,'طیف فازی'!$D$3,IF('امتیاز دهی خبرگان'!$I65=3,'طیف فازی'!$D$4,IF('امتیاز دهی خبرگان'!$I65=4,'طیف فازی'!$D$5,'طیف فازی'!$D$6))))) -> 1 | X65: =IF('امتیاز دهی خبرگان'!$J65=0,0,IF('امتیاز دهی خبرگان'!$J65=1,'طیف فازی'!$B$2,IF('امتیاز دهی خبرگان'!$J65=2,'طیف فازی'!$B$3,IF('امتیاز دهی خبرگان'!$J65=3,'طیف فازی'!$B$4,IF('امتیاز دهی خبرگان'!$J65=4,'طیف فازی'!$B$5,'طیف فازی'!$B$6))))) -> 0.5 | Y65: =IF('امتیاز دهی خبرگان'!$J65=0,0,IF('امتیاز دهی خبرگان'!$J65=1,'طیف فازی'!$C$2,IF('امتیاز دهی خبرگان'!$J65=2,'طیف فازی'!$C$3,IF('امتیاز دهی خبرگان'!$J65=3,'طیف فازی'!$C$4,IF('امتیاز دهی خبرگان'!$J65=4,'طیف فازی'!$C$5,'طیف فازی'!$C$6))))) -> 0.75 | Z65: =IF('امتیاز دهی خبرگان'!$J65=0,0,IF('امتیاز دهی خبرگان'!$J65=1,'طیف فازی'!$D$2,IF('امتیاز دهی خبرگان'!$J65=2,'طیف فازی'!$D$3,IF('امتیاز دهی خبرگان'!$J65=3,'طیف فازی'!$D$4,IF('امتیاز دهی خبرگان'!$J65=4,'طیف فازی'!$D$5,'طیف فازی'!$D$6))))) -> 1 | AA65: =IF('امتیاز دهی خبرگان'!$K65=0,0,IF('امتیاز دهی خبرگان'!$K65=1,'طیف فازی'!$B$2,IF('امتیاز دهی خبرگان'!$K65=2,'طیف فازی'!$B$3,IF('امتیاز دهی خبرگان'!$K65=3,'طیف فازی'!$B$4,IF('امتیاز دهی خبرگان'!$K65=4,'طیف فازی'!$B$5,'طیف فازی'!$B$6))))) -> 0.5 | AB65: =IF('امتیاز دهی خبرگان'!$K65=0,0,IF('امتیاز دهی خبرگان'!$K65=1,'طیف فازی'!$C$2,IF('امتیاز دهی خبرگان'!$K65=2,'طیف فازی'!$C$3,IF('امتیاز دهی خبرگان'!$K65=3,'طیف فازی'!$C$4,IF('امتیاز دهی خبرگان'!$K65=4,'طیف فازی'!$C$5,'طیف فازی'!$C$6))))) -> 0.75 | AC65: =IF('امتیاز دهی خبرگان'!$K65=0,0,IF('امتیاز دهی خبرگان'!$K65=1,'طیف فازی'!$D$2,IF('امتیاز دهی خبرگان'!$K65=2,'طیف فازی'!$D$3,IF('امتیاز دهی خبرگان'!$K65=3,'طیف فازی'!$D$4,IF('امتیاز دهی خبرگان'!$K65=4,'طیف فازی'!$D$5,'طیف فازی'!$D$6))))) -> 1 | AD65: =IF('امتیاز دهی خبرگان'!$L65=0,0,IF('امتیاز دهی خبرگان'!$L65=1,'طیف فازی'!$B$2,IF('امتیاز دهی خبرگان'!$L65=2,'طیف فازی'!$B$3,IF('امتیاز دهی خبرگان'!$L65=3,'طیف فازی'!$B$4,IF('امتیاز دهی خبرگان'!$L65=4,'طیف فازی'!$B$5,'طیف فازی'!$B$6))))) -> 0.5 | AE65: =IF('امتیاز دهی خبرگان'!$L65=0,0,IF('امتیاز دهی خبرگان'!$L65=1,'طیف فازی'!$C$2,IF('امتیاز دهی خبرگان'!$L65=2,'طیف فازی'!$C$3,IF('امتیاز دهی خبرگان'!$L65=3,'طیف فازی'!$C$4,IF('امتیاز دهی خبرگان'!$L65=4,'طیف فازی'!$C$5,'طیف فازی'!$C$6))))) -> 0.75 | AF65: =IF('امتیاز دهی خبرگان'!$L65=0,0,IF('امتیاز دهی خبرگان'!$L65=1,'طیف فازی'!$D$2,IF('امتیاز دهی خبرگان'!$L65=2,'طیف فازی'!$D$3,IF('امتیاز دهی خبرگان'!$L65=3,'طیف فازی'!$D$4,IF('امتیاز دهی خبرگان'!$L65=4,'طیف فازی'!$D$5,'طیف فازی'!$D$6))))) -> 1 | AG65: =IF('امتیاز دهی خبرگان'!$M65=0,0,IF('امتیاز دهی خبرگان'!$M65=1,'طیف فازی'!$B$2,IF('امتیاز دهی خبرگان'!$M65=2,'طیف فازی'!$B$3,IF('امتیاز دهی خبرگان'!$M65=3,'طیف فازی'!$B$4,IF('امتیاز دهی خبرگان'!$M65=4,'طیف فازی'!$B$5,'طیف فازی'!$B$6))))) -> 0.5 | AH65: =IF('امتیاز دهی خبرگان'!$M65=0,0,IF('امتیاز دهی خبرگان'!$M65=1,'طیف فازی'!$C$2,IF('امتیاز دهی خبرگان'!$M65=2,'طیف فازی'!$C$3,IF('امتیاز دهی خبرگان'!$M65=3,'طیف فازی'!$C$4,IF('امتیاز دهی خبرگان'!$M65=4,'طیف فازی'!$C$5,'طیف فازی'!$C$6))))) -> 0.75 | AI65: =IF('امتیاز دهی خبرگان'!$M65=0,0,IF('امتیاز دهی خبرگان'!$M65=1,'طیف فازی'!$D$2,IF('امتیاز دهی خبرگان'!$M65=2,'طیف فازی'!$D$3,IF('امتیاز دهی خبرگان'!$M65=3,'طیف فازی'!$D$4,IF('امتیاز دهی خبرگان'!$M65=4,'طیف فازی'!$D$5,'طیف فازی'!$D$6))))) -> 1 | AJ65: =IF('امتیاز دهی خبرگان'!$N65=0,0,IF('امتیاز دهی خبرگان'!$N65=1,'طیف فازی'!$B$2,IF('امتیاز دهی خبرگان'!$N65=2,'طیف فازی'!$B$3,IF('امتیاز دهی خبرگان'!$N65=3,'طیف فازی'!$B$4,IF('امتیاز دهی خبرگان'!$N65=4,'طیف فازی'!$B$5,'طیف فازی'!$B$6))))) -> 0.5 | AK65: =IF('امتیاز دهی خبرگان'!$N65=0,0,IF('امتیاز دهی خبرگان'!$N65=1,'طیف فازی'!$C$2,IF('امتیاز دهی خبرگان'!$N65=2,'طیف فازی'!$C$3,IF('امتیاز دهی خبرگان'!$N65=3,'طیف فازی'!$C$4,IF('امتیاز دهی خبرگان'!$N65=4,'طیف فازی'!$C$5,'طیف فازی'!$C$6))))) -> 0.75 | AL65: =IF('امتیاز دهی خبرگان'!$N65=0,0,IF('امتیاز دهی خبرگان'!$N65=1,'طیف فازی'!$D$2,IF('امتیاز دهی خبرگان'!$N65=2,'طیف فازی'!$D$3,IF('امتیاز دهی خبرگان'!$N65=3,'طیف فازی'!$D$4,IF('امتیاز دهی خبرگان'!$N65=4,'طیف فازی'!$D$5,'طیف فازی'!$D$6))))) -> 1 | AM65: =C65+F65+I65+L65+O65+R65+U65+X65+AA65+AD65+AG65+AJ65 -> 6.25 | AN65: =D65+G65+J65+M65+P65+S65+V65+Y65+AB65+AE65+AH65+AK65 -> 9.25 | AO65: =E65+H65+K65+N65+Q65+T65+W65+Z65+AC65+AF65+AI65+AL65 -> 11.5 | AP65: =(AM65)/$AU$4 -> 0.52083333 | AQ65: =(AN65)/$AU$4 -> 0.77083333 | AR65: =(AO65)/$AU$4 -> 0.95833333 | AS65: =AVERAGE(AP65:AR65) -> 0.75 | AT65: =IF(AS65>=0.7,"Pass","Not Pass") -> Pass
B66: 63 | C66: =IF('امتیاز دهی خبرگان'!$C66=0,0,IF('امتیاز دهی خبرگان'!$C66=1,'طیف فازی'!$B$2,IF('امتیاز دهی خبرگان'!$C66=2,'طیف فازی'!$B$3,IF('امتیاز دهی خبرگان'!$C66=3,'طیف فازی'!$B$4,IF('امتیاز دهی خبرگان'!$C66=4,'طیف فازی'!$B$5,'طیف فازی'!$B$6))))) -> 0.5 | D66: =IF('امتیاز دهی خبرگان'!$C66=0,0,IF('امتیاز دهی خبرگان'!$C66=1,'طیف فازی'!$C$2,IF('امتیاز دهی خبرگان'!$C66=2,'طیف فازی'!$C$3,IF('امتیاز دهی خبرگان'!$C66=3,'طیف فازی'!$C$4,IF('امتیاز دهی خبرگان'!$C66=4,'طیف فازی'!$C$5,'طیف فازی'!$C$6))))) -> 0.75 | E66: =IF('امتیاز دهی خبرگان'!$C66=0,0,IF('امتیاز دهی خبرگان'!$C66=1,'طیف فازی'!$D$2,IF('امتیاز دهی خبرگان'!$C66=2,'طیف فازی'!$D$3,IF('امتیاز دهی خبرگان'!$C66=3,'طیف فازی'!$D$4,IF('امتیاز دهی خبرگان'!$C66=4,'طیف فازی'!$D$5,'طیف فازی'!$D$6))))) -> 1 | F66: =IF('امتیاز دهی خبرگان'!$D66=0,0,IF('امتیاز دهی خبرگان'!$D66=1,'طیف فازی'!$B$2,IF('امتیاز دهی خبرگان'!$D66=2,'طیف فازی'!$B$3,IF('امتیاز دهی خبرگان'!$D66=3,'طیف فازی'!$B$4,IF('امتیاز دهی خبرگان'!$D66=4,'طیف فازی'!$B$5,'طیف فازی'!$B$6))))) -> 0.25 | G66: =IF('امتیاز دهی خبرگان'!$D66=0,0,IF('امتیاز دهی خبرگان'!$D66=1,'طیف فازی'!$D$2,IF('امتیاز دهی خبرگان'!$D66=2,'طیف فازی'!$C$3,IF('امتیاز دهی خبرگان'!$D66=3,'طیف فازی'!$C$4,IF('امتیاز دهی خبرگان'!$D66=4,'طیف فازی'!$C$5,'طیف فازی'!$C$6))))) -> 0.5 | H66: =IF('امتیاز دهی خبرگان'!$D66=0,0,IF('امتیاز دهی خبرگان'!$D66=1,'طیف فازی'!$D$2,IF('امتیاز دهی خبرگان'!$D66=2,'طیف فازی'!$D$3,IF('امتیاز دهی خبرگان'!$D66=3,'طیف فازی'!$D$4,IF('امتیاز دهی خبرگان'!$D66=4,'طیف فازی'!$D$5,'طیف فازی'!$D$6))))) -> 0.75 | I66: =IF('امتیاز دهی خبرگان'!$E66=0,0,IF('امتیاز دهی خبرگان'!$E66=1,'طیف فازی'!$B$2,IF('امتیاز دهی خبرگان'!$E66=2,'طیف فازی'!$B$3,IF('امتیاز دهی خبرگان'!$E66=3,'طیف فازی'!$B$4,IF('امتیاز دهی خبرگان'!$E66=4,'طیف فازی'!$B$5,'طیف فازی'!$B$6))))) -> 0.75 | J66: =IF('امتیاز دهی خبرگان'!$E66=0,0,IF('امتیاز دهی خبرگان'!$E66=1,'طیف فازی'!$C$2,IF('امتیاز دهی خبرگان'!$E66=2,'طیف فازی'!$C$3,IF('امتیاز دهی خبرگان'!$E66=3,'طیف فازی'!$C$4,IF('امتیاز دهی خبرگان'!$E66=4,'طیف فازی'!$C$5,'طیف فازی'!$C$6))))) -> 1 | K66: =IF('امتیاز دهی خبرگان'!$E66=0,0,IF('امتیاز دهی خبرگان'!$E66=1,'طیف فازی'!$D$2,IF('امتیاز دهی خبرگان'!$E66=2,'طیف فازی'!$D$3,IF('امتیاز دهی خبرگان'!$E66=3,'طیف فازی'!$D$4,IF('امتیاز دهی خبرگان'!$E66=4,'طیف فازی'!$D$5,'طیف فازی'!$D$6))))) -> 1 | L66: =IF('امتیاز دهی خبرگان'!$F66=0,0,IF('امتیاز دهی خبرگان'!$F66=1,'طیف فازی'!$B$2,IF('امتیاز دهی خبرگان'!$F66=2,'طیف فازی'!$B$3,IF('امتیاز دهی خبرگان'!$F66=3,'طیف فازی'!$B$4,IF('امتیاز دهی خبرگان'!$F66=4,'طیف فازی'!$B$5,'طیف فازی'!$B$6))))) -> 0 | M66: =IF('امتیاز دهی خبرگان'!$F66=0,0,IF('امتیاز دهی خبرگان'!$F66=1,'طیف فازی'!$C$2,IF('امتیاز دهی خبرگان'!$F66=2,'طیف فازی'!$C$3,IF('امتیاز دهی خبرگان'!$F66=3,'طیف فازی'!$C$4,IF('امتیاز دهی خبرگان'!$F66=4,'طیف فازی'!$C$5,'طیف فازی'!$C$6))))) -> 0.25 | N66: =IF('امتیاز دهی خبرگان'!$F66=0,0,IF('امتیاز دهی خبرگان'!$F66=1,'طیف فازی'!$D$2,IF('امتیاز دهی خبرگان'!$F66=2,'طیف فازی'!$D$3,IF('امتیاز دهی خبرگان'!$F66=3,'طیف فازی'!$D$4,IF('امتیاز دهی خبرگان'!$F66=4,'طیف فازی'!$D$5,'طیف فازی'!$D$6))))) -> 0.5 | O66: =IF('امتیاز دهی خبرگان'!$G66=0,0,IF('امتیاز دهی خبرگان'!$G66=1,'طیف فازی'!$B$2,IF('امتیاز دهی خبرگان'!$G66=2,'طیف فازی'!$B$3,IF('امتیاز دهی خبرگان'!$G66=3,'طیف فازی'!$B$4,IF('امتیاز دهی خبرگان'!$G66=4,'طیف فازی'!$B$5,'طیف فازی'!$B$6))))) -> 0.25 | P66: =IF('امتیاز دهی خبرگان'!$G66=0,0,IF('امتیاز دهی خبرگان'!$G66=1,'طیف فازی'!$C$2,IF('امتیاز دهی خبرگان'!$G66=2,'طیف فازی'!$C$3,IF('امتیاز دهی خبرگان'!$G66=3,'طیف فازی'!$C$4,IF('امتیاز دهی خبرگان'!$G66=4,'طیف فازی'!$C$5,'طیف فازی'!$C$6))))) -> 0.5 | Q66: =IF('امتیاز دهی خبرگان'!$G66=0,0,IF('امتیاز دهی خبرگان'!$G66=1,'طیف فازی'!$D$2,IF('امتیاز دهی خبرگان'!$G66=2,'طیف فازی'!$D$3,IF('امتیاز دهی خبرگان'!$G66=3,'طیف فازی'!$D$4,IF('امتیاز دهی خبرگان'!$G66=4,'طیف فازی'!$D$5,'طیف فازی'!$D$6))))) -> 0.75 | R66: =IF('امتیاز دهی خبرگان'!$H66=0,0,IF('امتیاز دهی خبرگان'!$H66=1,'طیف فازی'!$B$2,IF('امتیاز دهی خبرگان'!$H66=2,'طیف فازی'!$B$3,IF('امتیاز دهی خبرگان'!$H66=3,'طیف فازی'!$B$4,IF('امتیاز دهی خبرگان'!$H66=4,'طیف فازی'!$B$5,'طیف فازی'!$B$6))))) -> 0 | S66: =IF('امتیاز دهی خبرگان'!$H66=0,0,IF('امتیاز دهی خبرگان'!$H66=1,'طیف فازی'!$C$2,IF('امتیاز دهی خبرگان'!$H66=2,'طیف فازی'!$C$3,IF('امتیاز دهی خبرگان'!$H66=3,'طیف فازی'!$C$4,IF('امتیاز دهی خبرگان'!$H66=4,'طیف فازی'!$C$5,'طیف فازی'!$C$6))))) -> 0.25 | T66: =IF('امتیاز دهی خبرگان'!$H66=0,0,IF('امتیاز دهی خبرگان'!$H66=1,'طیف فازی'!$D$2,IF('امتیاز دهی خبرگان'!$H66=2,'طیف فازی'!$D$3,IF('امتیاز دهی خبرگان'!$H66=3,'طیف فازی'!$D$4,IF('امتیاز دهی خبرگان'!$H66=4,'طیف فازی'!$D$5,'طیف فازی'!$D$6))))) -> 0.5 | U66: =IF('امتیاز دهی خبرگان'!$I66=0,0,IF('امتیاز دهی خبرگان'!$I66=1,'طیف فازی'!$B$2,IF('امتیاز دهی خبرگان'!$I66=2,'طیف فازی'!$B$3,IF('امتیاز دهی خبرگان'!$I66=3,'طیف فازی'!$B$4,IF('امتیاز دهی خبرگان'!$I66=4,'طیف فازی'!$B$5,'طیف فازی'!$B$6))))) -> 0.75 | V66: =IF('امتیاز دهی خبرگان'!$I66=0,0,IF('امتیاز دهی خبرگان'!$I66=1,'طیف فازی'!$C$2,IF('امتیاز دهی خبرگان'!$I66=2,'طیف فازی'!$C$3,IF('امتیاز دهی خبرگان'!$I66=3,'طیف فازی'!$C$4,IF('امتیاز دهی خبرگان'!$I66=4,'طیف فازی'!$C$5,'طیف فازی'!$C$6))))) -> 1 | W66: =IF('امتیاز دهی خبرگان'!$I66=0,0,IF('امتیاز دهی خبرگان'!$I66=1,'طیف فازی'!$D$2,IF('امتیاز دهی خبرگان'!$I66=2,'طیف فازی'!$D$3,IF('امتیاز دهی خبرگان'!$I66=3,'طیف فازی'!$D$4,IF('امتیاز دهی خبرگان'!$I66=4,'طیف فازی'!$D$5,'طیف فازی'!$D$6))))) -> 1 | X66: =IF('امتیاز دهی خبرگان'!$J66=0,0,IF('امتیاز دهی خبرگان'!$J66=1,'طیف فازی'!$B$2,IF('امتیاز دهی خبرگان'!$J66=2,'طیف فازی'!$B$3,IF('امتیاز دهی خبرگان'!$J66=3,'طیف فازی'!$B$4,IF('امتیاز دهی خبرگان'!$J66=4,'طیف فازی'!$B$5,'طیف فازی'!$B$6))))) -> 0.5 | Y66: =IF('امتیاز دهی خبرگان'!$J66=0,0,IF('امتیاز دهی خبرگان'!$J66=1,'طیف فازی'!$C$2,IF('امتیاز دهی خبرگان'!$J66=2,'طیف فازی'!$C$3,IF('امتیاز دهی خبرگان'!$J66=3,'طیف فازی'!$C$4,IF('امتیاز دهی خبرگان'!$J66=4,'طیف فازی'!$C$5,'طیف فازی'!$C$6))))) -> 0.75 | Z66: =IF('امتیاز دهی خبرگان'!$J66=0,0,IF('امتیاز دهی خبرگان'!$J66=1,'طیف فازی'!$D$2,IF('امتیاز دهی خبرگان'!$J66=2,'طیف فازی'!$D$3,IF('امتیاز دهی خبرگان'!$J66=3,'طیف فازی'!$D$4,IF('امتیاز دهی خبرگان'!$J66=4,'طیف فازی'!$D$5,'طیف فازی'!$D$6))))) -> 1 | AA66: =IF('امتیاز دهی خبرگان'!$K66=0,0,IF('امتیاز دهی خبرگان'!$K66=1,'طیف فازی'!$B$2,IF('امتیاز دهی خبرگان'!$K66=2,'طیف فازی'!$B$3,IF('امتیاز دهی خبرگان'!$K66=3,'طیف فازی'!$B$4,IF('امتیاز دهی خبرگان'!$K66=4,'طیف فازی'!$B$5,'طیف فازی'!$B$6))))) -> 0.75 | AB66: =IF('امتیاز دهی خبرگان'!$K66=0,0,IF('امتیاز دهی خبرگان'!$K66=1,'طیف فازی'!$C$2,IF('امتیاز دهی خبرگان'!$K66=2,'طیف فازی'!$C$3,IF('امتیاز دهی خبرگان'!$K66=3,'طیف فازی'!$C$4,IF('امتیاز دهی خبرگان'!$K66=4,'طیف فازی'!$C$5,'طیف فازی'!$C$6))))) -> 1 | AC66: =IF('امتیاز دهی خبرگان'!$K66=0,0,IF('امتیاز دهی خبرگان'!$K66=1,'طیف فازی'!$D$2,IF('امتیاز دهی خبرگان'!$K66=2,'طیف فازی'!$D$3,IF('امتیاز دهی خبرگان'!$K66=3,'طیف فازی'!$D$4,IF('امتیاز دهی خبرگان'!$K66=4,'طیف فازی'!$D$5,'طیف فازی'!$D$6))))) -> 1 | AD66: =IF('امتیاز دهی خبرگان'!$L66=0,0,IF('امتیاز دهی خبرگان'!$L66=1,'طیف فازی'!$B$2,IF('امتیاز دهی خبرگان'!$L66=2,'طیف فازی'!$B$3,IF('امتیاز دهی خبرگان'!$L66=3,'طیف فازی'!$B$4,IF('امتیاز دهی خبرگان'!$L66=4,'طیف فازی'!$B$5,'طیف فازی'!$B$6))))) -> 0.75 | AE66: =IF('امتیاز دهی خبرگان'!$L66=0,0,IF('امتیاز دهی خبرگان'!$L66=1,'طیف فازی'!$C$2,IF('امتیاز دهی خبرگان'!$L66=2,'طیف فازی'!$C$3,IF('امتیاز دهی خبرگان'!$L66=3,'طیف فازی'!$C$4,IF('امتیاز دهی خبرگان'!$L66=4,'طیف فازی'!$C$5,'طیف فازی'!$C$6))))) -> 1 | AF66: =IF('امتیاز دهی خبرگان'!$L66=0,0,IF('امتیاز دهی خبرگان'!$L66=1,'طیف فازی'!$D$2,IF('امتیاز دهی خبرگان'!$L66=2,'طیف فازی'!$D$3,IF('امتیاز دهی خبرگان'!$L66=3,'طیف فازی'!$D$4,IF('امتیاز دهی خبرگان'!$L66=4,'طیف فازی'!$D$5,'طیف فازی'!$D$6))))) -> 1 | AG66: =IF('امتیاز دهی خبرگان'!$M66=0,0,IF('امتیاز دهی خبرگان'!$M66=1,'طیف فازی'!$B$2,IF('امتیاز دهی خبرگان'!$M66=2,'طیف فازی'!$B$3,IF('امتیاز دهی خبرگان'!$M66=3,'طیف فازی'!$B$4,IF('امتیاز دهی خبرگان'!$M66=4,'طیف فازی'!$B$5,'طیف فازی'!$B$6))))) -> 0.75 | AH66: =IF('امتیاز دهی خبرگان'!$M66=0,0,IF('امتیاز دهی خبرگان'!$M66=1,'طیف فازی'!$C$2,IF('امتیاز دهی خبرگان'!$M66=2,'طیف فازی'!$C$3,IF('امتیاز دهی خبرگان'!$M66=3,'طیف فازی'!$C$4,IF('امتیاز دهی خبرگان'!$M66=4,'طیف فازی'!$C$5,'طیف فازی'!$C$6))))) -> 1 | AI66: =IF('امتیاز دهی خبرگان'!$M66=0,0,IF('امتیاز دهی خبرگان'!$M66=1,'طیف فازی'!$D$2,IF('امتیاز دهی خبرگان'!$M66=2,'طیف فازی'!$D$3,IF('امتیاز دهی خبرگان'!$M66=3,'طیف فازی'!$D$4,IF('امتیاز دهی خبرگان'!$M66=4,'طیف فازی'!$D$5,'طیف فازی'!$D$6))))) -> 1 | AJ66: =IF('امتیاز دهی خبرگان'!$N66=0,0,IF('امتیاز دهی خبرگان'!$N66=1,'طیف فازی'!$B$2,IF('امتیاز دهی خبرگان'!$N66=2,'طیف فازی'!$B$3,IF('امتیاز دهی خبرگان'!$N66=3,'طیف فازی'!$B$4,IF('امتیاز دهی خبرگان'!$N66=4,'طیف فازی'!$B$5,'طیف فازی'!$B$6))))) -> 0.75 | AK66: =IF('امتیاز دهی خبرگان'!$N66=0,0,IF('امتیاز دهی خبرگان'!$N66=1,'طیف فازی'!$C$2,IF('امتیاز دهی خبرگان'!$N66=2,'طیف فازی'!$C$3,IF('امتیاز دهی خبرگان'!$N66=3,'طیف فازی'!$C$4,IF('امتیاز دهی خبرگان'!$N66=4,'طیف فازی'!$C$5,'طیف فازی'!$C$6))))) -> 1 | AL66: =IF('امتیاز دهی خبرگان'!$N66=0,0,IF('امتیاز دهی خبرگان'!$N66=1,'طیف فازی'!$D$2,IF('امتیاز دهی خبرگان'!$N66=2,'طیف فازی'!$D$3,IF('امتیاز دهی خبرگان'!$N66=3,'طیف فازی'!$D$4,IF('امتیاز دهی خبرگان'!$N66=4,'طیف فازی'!$D$5,'طیف فازی'!$D$6))))) -> 1 | AM66: =C66+F66+I66+L66+O66+R66+U66+X66+AA66+AD66+AG66+AJ66 -> 6 | AN66: =D66+G66+J66+M66+P66+S66+V66+Y66+AB66+AE66+AH66+AK66 -> 9 | AO66: =E66+H66+K66+N66+Q66+T66+W66+Z66+AC66+AF66+AI66+AL66 -> 10.5 | AP66: =(AM66)/$AU$4 -> 0.5 | AQ66: =(AN66)/$AU$4 -> 0.75 | AR66: =(AO66)/$AU$4 -> 0.875 | AS66: =AVERAGE(AP66:AR66) -> 0.70833333 | AT66: =IF(AS66>=0.7,"Pass","Not Pass") -> Pass
B67: 64 | C67: =IF('امتیاز دهی خبرگان'!$C67=0,0,IF('امتیاز دهی خبرگان'!$C67=1,'طیف فازی'!$B$2,IF('امتیاز دهی خبرگان'!$C67=2,'طیف فازی'!$B$3,IF('امتیاز دهی خبرگان'!$C67=3,'طیف فازی'!$B$4,IF('امتیاز دهی خبرگان'!$C67=4,'طیف فازی'!$B$5,'طیف فازی'!$B$6))))) -> 0.75 | D67: =IF('امتیاز دهی خبرگان'!$C67=0,0,IF('امتیاز دهی خبرگان'!$C67=1,'طیف فازی'!$C$2,IF('امتیاز دهی خبرگان'!$C67=2,'طیف فازی'!$C$3,IF('امتیاز دهی خبرگان'!$C67=3,'طیف فازی'!$C$4,IF('امتیاز دهی خبرگان'!$C67=4,'طیف فازی'!$C$5,'طیف فازی'!$C$6))))) -> 1 | E67: =IF('امتیاز دهی خبرگان'!$C67=0,0,IF('امتیاز دهی خبرگان'!$C67=1,'طیف فازی'!$D$2,IF('امتیاز دهی خبرگان'!$C67=2,'طیف فازی'!$D$3,IF('امتیاز دهی خبرگان'!$C67=3,'طیف فازی'!$D$4,IF('امتیاز دهی خبرگان'!$C67=4,'طیف فازی'!$D$5,'طیف فازی'!$D$6))))) -> 1 | F67: =IF('امتیاز دهی خبرگان'!$D67=0,0,IF('امتیاز دهی خبرگان'!$D67=1,'طیف فازی'!$B$2,IF('امتیاز دهی خبرگان'!$D67=2,'طیف فازی'!$B$3,IF('امتیاز دهی خبرگان'!$D67=3,'طیف فازی'!$B$4,IF('امتیاز دهی خبرگان'!$D67=4,'طیف فازی'!$B$5,'طیف فازی'!$B$6))))) -> 0 | G67: =IF('امتیاز دهی خبرگان'!$D67=0,0,IF('امتیاز دهی خبرگان'!$D67=1,'طیف فازی'!$D$2,IF('امتیاز دهی خبرگان'!$D67=2,'طیف فازی'!$C$3,IF('امتیاز دهی خبرگان'!$D67=3,'طیف فازی'!$C$4,IF('امتیاز دهی خبرگان'!$D67=4,'طیف فازی'!$C$5,'طیف فازی'!$C$6))))) -> 0.25 | H67: =IF('امتیاز دهی خبرگان'!$D67=0,0,IF('امتیاز دهی خبرگان'!$D67=1,'طیف فازی'!$D$2,IF('امتیاز دهی خبرگان'!$D67=2,'طیف فازی'!$D$3,IF('امتیاز دهی خبرگان'!$D67=3,'طیف فازی'!$D$4,IF('امتیاز دهی خبرگان'!$D67=4,'طیف فازی'!$D$5,'طیف فازی'!$D$6))))) -> 0.5 | I67: =IF('امتیاز دهی خبرگان'!$E67=0,0,IF('امتیاز دهی خبرگان'!$E67=1,'طیف فازی'!$B$2,IF('امتیاز دهی خبرگان'!$E67=2,'طیف فازی'!$B$3,IF('امتیاز دهی خبرگان'!$E67=3,'طیف فازی'!$B$4,IF('امتیاز دهی خبرگان'!$E67=4,'طیف فازی'!$B$5,'طیف فازی'!$B$6))))) -> 0.75 | J67: =IF('امتیاز دهی خبرگان'!$E67=0,0,IF('امتیاز دهی خبرگان'!$E67=1,'طیف فازی'!$C$2,IF('امتیاز دهی خبرگان'!$E67=2,'طیف فازی'!$C$3,IF('امتیاز دهی خبرگان'!$E67=3,'طیف فازی'!$C$4,IF('امتیاز دهی خبرگان'!$E67=4,'طیف فازی'!$C$5,'طیف فازی'!$C$6))))) -> 1 | K67: =IF('امتیاز دهی خبرگان'!$E67=0,0,IF('امتیاز دهی خبرگان'!$E67=1,'طیف فازی'!$D$2,IF('امتیاز دهی خبرگان'!$E67=2,'طیف فازی'!$D$3,IF('امتیاز دهی خبرگان'!$E67=3,'طیف فازی'!$D$4,IF('امتیاز دهی خبرگان'!$E67=4,'طیف فازی'!$D$5,'طیف فازی'!$D$6))))) -> 1 | L67: =IF('امتیاز دهی خبرگان'!$F67=0,0,IF('امتیاز دهی خبرگان'!$F67=1,'طیف فازی'!$B$2,IF('امتیاز دهی خبرگان'!$F67=2,'طیف فازی'!$B$3,IF('امتیاز دهی خبرگان'!$F67=3,'طیف فازی'!$B$4,IF('امتیاز دهی خبرگان'!$F67=4,'طیف فازی'!$B$5,'طیف فازی'!$B$6))))) -> 0.75 | M67: =IF('امتیاز دهی خبرگان'!$F67=0,0,IF('امتیاز دهی خبرگان'!$F67=1,'طیف فازی'!$C$2,IF('امتیاز دهی خبرگان'!$F67=2,'طیف فازی'!$C$3,IF('امتیاز دهی خبرگان'!$F67=3,'طیف فازی'!$C$4,IF('امتیاز دهی خبرگان'!$F67=4,'طیف فازی'!$C$5,'طیف فازی'!$C$6))))) -> 1 | N67: =IF('امتیاز دهی خبرگان'!$F67=0,0,IF('امتیاز دهی خبرگان'!$F67=1,'طیف فازی'!$D$2,IF('امتیاز دهی خبرگان'!$F67=2,'طیف فازی'!$D$3,IF('امتیاز دهی خبرگان'!$F67=3,'طیف فازی'!$D$4,IF('امتیاز دهی خبرگان'!$F67=4,'طیف فازی'!$D$5,'طیف فازی'!$D$6))))) -> 1 | O67: =IF('امتیاز دهی خبرگان'!$G67=0,0,IF('امتیاز دهی خبرگان'!$G67=1,'طیف فازی'!$B$2,IF('امتیاز دهی خبرگان'!$G67=2,'طیف فازی'!$B$3,IF('امتیاز دهی خبرگان'!$G67=3,'طیف فازی'!$B$4,IF('امتیاز دهی خبرگان'!$G67=4,'طیف فازی'!$B$5,'طیف فازی'!$B$6))))) -> 0.25 | P67: =IF('امتیاز دهی خبرگان'!$G67=0,0,IF('امتیاز دهی خبرگان'!$G67=1,'طیف فازی'!$C$2,IF('امتیاز دهی خبرگان'!$G67=2,'طیف فازی'!$C$3,IF('امتیاز دهی خبرگان'!$G67=3,'طیف فازی'!$C$4,IF('امتیاز دهی خبرگان'!$G67=4,'طیف فازی'!$C$5,'طیف فازی'!$C$6))))) -> 0.5 | Q67: =IF('امتیاز دهی خبرگان'!$G67=0,0,IF('امتیاز دهی خبرگان'!$G67=1,'طیف فازی'!$D$2,IF('امتیاز دهی خبرگان'!$G67=2,'طیف فازی'!$D$3,IF('امتیاز دهی خبرگان'!$G67=3,'طیف فازی'!$D$4,IF('امتیاز دهی خبرگان'!$G67=4,'طیف فازی'!$D$5,'طیف فازی'!$D$6))))) -> 0.75 | R67: =IF('امتیاز دهی خبرگان'!$H67=0,0,IF('امتیاز دهی خبرگان'!$H67=1,'طیف فازی'!$B$2,IF('امتیاز دهی خبرگان'!$H67=2,'طیف فازی'!$B$3,IF('امتیاز دهی خبرگان'!$H67=3,'طیف فازی'!$B$4,IF('امتیاز دهی خبرگان'!$H67=4,'طیف فازی'!$B$5,'طیف فازی'!$B$6))))) -> 0.5 | S67: =IF('امتیاز دهی خبرگان'!$H67=0,0,IF('امتیاز دهی خبرگان'!$H67=1,'طیف فازی'!$C$2,IF('امتیاز دهی خبرگان'!$H67=2,'طیف فازی'!$C$3,IF('امتیاز دهی خبرگان'!$H67=3,'طیف فازی'!$C$4,IF('امتیاز دهی خبرگان'!$H67=4,'طیف فازی'!$C$5,'طیف فازی'!$C$6))))) -> 0.75 | T67: =IF('امتیاز دهی خبرگان'!$H67=0,0,IF('امتیاز دهی خبرگان'!$H67=1,'طیف فازی'!$D$2,IF('امتیاز دهی خبرگان'!$H67=2,'طیف فازی'!$D$3,IF('امتیاز دهی خبرگان'!$H67=3,'طیف فازی'!$D$4,IF('امتیاز دهی خبرگان'!$H67=4,'طیف فازی'!$D$5,'طیف فازی'!$D$6))))) -> 1 | U67: =IF('امتیاز دهی خبرگان'!$I67=0,0,IF('امتیاز دهی خبرگان'!$I67=1,'طیف فازی'!$B$2,IF('امتیاز دهی خبرگان'!$I67=2,'طیف فازی'!$B$3,IF('امتیاز دهی خبرگان'!$I67=3,'طیف فازی'!$B$4,IF('امتیاز دهی خبرگان'!$I67=4,'طیف فازی'!$B$5,'طیف فازی'!$B$6))))) -> 0.5 | V67: =IF('امتیاز دهی خبرگان'!$I67=0,0,IF('امتیاز دهی خبرگان'!$I67=1,'طیف فازی'!$C$2,IF('امتیاز دهی خبرگان'!$I67=2,'طیف فازی'!$C$3,IF('امتیاز دهی خبرگان'!$I67=3,'طیف فازی'!$C$4,IF('امتیاز دهی خبرگان'!$I67=4,'طیف فازی'!$C$5,'طیف فازی'!$C$6))))) -> 0.75 | W67: =IF('امتیاز دهی خبرگان'!$I67=0,0,IF('امتیاز دهی خبرگان'!$I67=1,'طیف فازی'!$D$2,IF('امتیاز دهی خبرگان'!$I67=2,'طیف فازی'!$D$3,IF('امتیاز دهی خبرگان'!$I67=3,'طیف فازی'!$D$4,IF('امتیاز دهی خبرگان'!$I67=4,'طیف فازی'!$D$5,'طیف فازی'!$D$6))))) -> 1 | X67: =IF('امتیاز دهی خبرگان'!$J67=0,0,IF('امتیاز دهی خبرگان'!$J67=1,'طیف فازی'!$B$2,IF('امتیاز دهی خبرگان'!$J67=2,'طیف فازی'!$B$3,IF('امتیاز دهی خبرگان'!$J67=3,'طیف فازی'!$B$4,IF('امتیاز دهی خبرگان'!$J67=4,'طیف فازی'!$B$5,'طیف فازی'!$B$6))))) -> 0.5 | Y67: =IF('امتیاز دهی خبرگان'!$J67=0,0,IF('امتیاز دهی خبرگان'!$J67=1,'طیف فازی'!$C$2,IF('امتیاز دهی خبرگان'!$J67=2,'طیف فازی'!$C$3,IF('امتیاز دهی خبرگان'!$J67=3,'طیف فازی'!$C$4,IF('امتیاز دهی خبرگان'!$J67=4,'طیف فازی'!$C$5,'طیف فازی'!$C$6))))) -> 0.75 | Z67: =IF('امتیاز دهی خبرگان'!$J67=0,0,IF('امتیاز دهی خبرگان'!$J67=1,'طیف فازی'!$D$2,IF('امتیاز دهی خبرگان'!$J67=2,'طیف فازی'!$D$3,IF('امتیاز دهی خبرگان'!$J67=3,'طیف فازی'!$D$4,IF('امتیاز دهی خبرگان'!$J67=4,'طیف فازی'!$D$5,'طیف فازی'!$D$6))))) -> 1 | AA67: =IF('امتیاز دهی خبرگان'!$K67=0,0,IF('امتیاز دهی خبرگان'!$K67=1,'طیف فازی'!$B$2,IF('امتیاز دهی خبرگان'!$K67=2,'طیف فازی'!$B$3,IF('امتیاز دهی خبرگان'!$K67=3,'طیف فازی'!$B$4,IF('امتیاز دهی خبرگان'!$K67=4,'طیف فازی'!$B$5,'طیف فازی'!$B$6))))) -> 0.75 | AB67: =IF('امتیاز دهی خبرگان'!$K67=0,0,IF('امتیاز دهی خبرگان'!$K67=1,'طیف فازی'!$C$2,IF('امتیاز دهی خبرگان'!$K67=2,'طیف فازی'!$C$3,IF('امتیاز دهی خبرگان'!$K67=3,'طیف فازی'!$C$4,IF('امتیاز دهی خبرگان'!$K67=4,'طیف فازی'!$C$5,'طیف فازی'!$C$6))))) -> 1 | AC67: =IF('امتیاز دهی خبرگان'!$K67=0,0,IF('امتیاز دهی خبرگان'!$K67=1,'طیف فازی'!$D$2,IF('امتیاز دهی خبرگان'!$K67=2,'طیف فازی'!$D$3,IF('امتیاز دهی خبرگان'!$K67=3,'طیف فازی'!$D$4,IF('امتیاز دهی خبرگان'!$K67=4,'طیف فازی'!$D$5,'طیف فازی'!$D$6))))) -> 1 | AD67: =IF('امتیاز دهی خبرگان'!$L67=0,0,IF('امتیاز دهی خبرگان'!$L67=1,'طیف فازی'!$B$2,IF('امتیاز دهی خبرگان'!$L67=2,'طیف فازی'!$B$3,IF('امتیاز دهی خبرگان'!$L67=3,'طیف فازی'!$B$4,IF('امتیاز دهی خبرگان'!$L67=4,'طیف فازی'!$B$5,'طیف فازی'!$B$6))))) -> 0.75 | AE67: =IF('امتیاز دهی خبرگان'!$L67=0,0,IF('امتیاز دهی خبرگان'!$L67=1,'طیف فازی'!$C$2,IF('امتیاز دهی خبرگان'!$L67=2,'طیف فازی'!$C$3,IF('امتیاز دهی خبرگان'!$L67=3,'طیف فازی'!$C$4,IF('امتیاز دهی خبرگان'!$L67=4,'طیف فازی'!$C$5,'طیف فازی'!$C$6))))) -> 1 | AF67: =IF('امتیاز دهی خبرگان'!$L67=0,0,IF('امتیاز دهی خبرگان'!$L67=1,'طیف فازی'!$D$2,IF('امتیاز دهی خبرگان'!$L67=2,'طیف فازی'!$D$3,IF('امتیاز دهی خبرگان'!$L67=3,'طیف فازی'!$D$4,IF('امتیاز دهی خبرگان'!$L67=4,'طیف فازی'!$D$5,'طیف فازی'!$D$6))))) -> 1 | AG67: =IF('امتیاز دهی خبرگان'!$M67=0,0,IF('امتیاز دهی خبرگان'!$M67=1,'طیف فازی'!$B$2,IF('امتیاز دهی خبرگان'!$M67=2,'طیف فازی'!$B$3,IF('امتیاز دهی خبرگان'!$M67=3,'طیف فازی'!$B$4,IF('امتیاز دهی خبرگان'!$M67=4,'طیف فازی'!$B$5,'طیف فازی'!$B$6))))) -> 0.5 | AH67: =IF('امتیاز دهی خبرگان'!$M67=0,0,IF('امتیاز دهی خبرگان'!$M67=1,'طیف فازی'!$C$2,IF('امتیاز دهی خبرگان'!$M67=2,'طیف فازی'!$C$3,IF('امتیاز دهی خبرگان'!$M67=3,'طیف فازی'!$C$4,IF('امتیاز دهی خبرگان'!$M67=4,'طیف فازی'!$C$5,'طیف فازی'!$C$6))))) -> 0.75 | AI67: =IF('امتیاز دهی خبرگان'!$M67=0,0,IF('امتیاز دهی خبرگان'!$M67=1,'طیف فازی'!$D$2,IF('امتیاز دهی خبرگان'!$M67=2,'طیف فازی'!$D$3,IF('امتیاز دهی خبرگان'!$M67=3,'طیف فازی'!$D$4,IF('امتیاز دهی خبرگان'!$M67=4,'طیف فازی'!$D$5,'طیف فازی'!$D$6))))) -> 1 | AJ67: =IF('امتیاز دهی خبرگان'!$N67=0,0,IF('امتیاز دهی خبرگان'!$N67=1,'طیف فازی'!$B$2,IF('امتیاز دهی خبرگان'!$N67=2,'طیف فازی'!$B$3,IF('امتیاز دهی خبرگان'!$N67=3,'طیف فازی'!$B$4,IF('امتیاز دهی خبرگان'!$N67=4,'طیف فازی'!$B$5,'طیف فازی'!$B$6))))) -> 0.5 | AK67: =IF('امتیاز دهی خبرگان'!$N67=0,0,IF('امتیاز دهی خبرگان'!$N67=1,'طیف فازی'!$C$2,IF('امتیاز دهی خبرگان'!$N67=2,'طیف فازی'!$C$3,IF('امتیاز دهی خبرگان'!$N67=3,'طیف فازی'!$C$4,IF('امتیاز دهی خبرگان'!$N67=4,'طیف فازی'!$C$5,'طیف فازی'!$C$6))))) -> 0.75 | AL67: =IF('امتیاز دهی خبرگان'!$N67=0,0,IF('امتیاز دهی خبرگان'!$N67=1,'طیف فازی'!$D$2,IF('امتیاز دهی خبرگان'!$N67=2,'طیف فازی'!$D$3,IF('امتیاز دهی خبرگان'!$N67=3,'طیف فازی'!$D$4,IF('امتیاز دهی خبرگان'!$N67=4,'طیف فازی'!$D$5,'طیف فازی'!$D$6))))) -> 1 | AM67: =C67+F67+I67+L67+O67+R67+U67+X67+AA67+AD67+AG67+AJ67 -> 6.5 | AN67: =D67+G67+J67+M67+P67+S67+V67+Y67+AB67+AE67+AH67+AK67 -> 9.5 | AO67: =E67+H67+K67+N67+Q67+T67+W67+Z67+AC67+AF67+AI67+AL67 -> 11.25 | AP67: =(AM67)/$AU$4 -> 0.54166667 | AQ67: =(AN67)/$AU$4 -> 0.79166667 | AR67: =(AO67)/$AU$4 -> 0.9375 | AS67: =AVERAGE(AP67:AR67) -> 0.75694444 | AT67: =IF(AS67>=0.7,"Pass","Not Pass") -> Pass
B68: 65 | C68: =IF('امتیاز دهی خبرگان'!$C68=0,0,IF('امتیاز دهی خبرگان'!$C68=1,'طیف فازی'!$B$2,IF('امتیاز دهی خبرگان'!$C68=2,'طیف فازی'!$B$3,IF('امتیاز دهی خبرگان'!$C68=3,'طیف فازی'!$B$4,IF('امتیاز دهی خبرگان'!$C68=4,'طیف فازی'!$B$5,'طیف فازی'!$B$6))))) -> 0.75 | D68: =IF('امتیاز دهی خبرگان'!$C68=0,0,IF('امتیاز دهی خبرگان'!$C68=1,'طیف فازی'!$C$2,IF('امتیاز دهی خبرگان'!$C68=2,'طیف فازی'!$C$3,IF('امتیاز دهی خبرگان'!$C68=3,'طیف فازی'!$C$4,IF('امتیاز دهی خبرگان'!$C68=4,'طیف فازی'!$C$5,'طیف فازی'!$C$6))))) -> 1 | E68: =IF('امتیاز دهی خبرگان'!$C68=0,0,IF('امتیاز دهی خبرگان'!$C68=1,'طیف فازی'!$D$2,IF('امتیاز دهی خبرگان'!$C68=2,'طیف فازی'!$D$3,IF('امتیاز دهی خبرگان'!$C68=3,'طیف فازی'!$D$4,IF('امتیاز دهی خبرگان'!$C68=4,'طیف فازی'!$D$5,'طیف فازی'!$D$6))))) -> 1 | F68: =IF('امتیاز دهی خبرگان'!$D68=0,0,IF('امتیاز دهی خبرگان'!$D68=1,'طیف فازی'!$B$2,IF('امتیاز دهی خبرگان'!$D68=2,'طیف فازی'!$B$3,IF('امتیاز دهی خبرگان'!$D68=3,'طیف فازی'!$B$4,IF('امتیاز دهی خبرگان'!$D68=4,'طیف فازی'!$B$5,'طیف فازی'!$B$6))))) -> 0.5 | G68: =IF('امتیاز دهی خبرگان'!$D68=0,0,IF('امتیاز دهی خبرگان'!$D68=1,'طیف فازی'!$D$2,IF('امتیاز دهی خبرگان'!$D68=2,'طیف فازی'!$C$3,IF('امتیاز دهی خبرگان'!$D68=3,'طیف فازی'!$C$4,IF('امتیاز دهی خبرگان'!$D68=4,'طیف فازی'!$C$5,'طیف فازی'!$C$6))))) -> 0.75 | H68: =IF('امتیاز دهی خبرگان'!$D68=0,0,IF('امتیاز دهی خبرگان'!$D68=1,'طیف فازی'!$D$2,IF('امتیاز دهی خبرگان'!$D68=2,'طیف فازی'!$D$3,IF('امتیاز دهی خبرگان'!$D68=3,'طیف فازی'!$D$4,IF('امتیاز دهی خبرگان'!$D68=4,'طیف فازی'!$D$5,'طیف فازی'!$D$6))))) -> 1 | I68: =IF('امتیاز دهی خبرگان'!$E68=0,0,IF('امتیاز دهی خبرگان'!$E68=1,'طیف فازی'!$B$2,IF('امتیاز دهی خبرگان'!$E68=2,'طیف فازی'!$B$3,IF('امتیاز دهی خبرگان'!$E68=3,'طیف فازی'!$B$4,IF('امتیاز دهی خبرگان'!$E68=4,'طیف فازی'!$B$5,'طیف فازی'!$B$6))))) -> 0.75 | J68: =IF('امتیاز دهی خبرگان'!$E68=0,0,IF('امتیاز دهی خبرگان'!$E68=1,'طیف فازی'!$C$2,IF('امتیاز دهی خبرگان'!$E68=2,'طیف فازی'!$C$3,IF('امتیاز دهی خبرگان'!$E68=3,'طیف فازی'!$C$4,IF('امتیاز دهی خبرگان'!$E68=4,'طیف فازی'!$C$5,'طیف فازی'!$C$6))))) -> 1 | K68: =IF('امتیاز دهی خبرگان'!$E68=0,0,IF('امتیاز دهی خبرگان'!$E68=1,'طیف فازی'!$D$2,IF('امتیاز دهی خبرگان'!$E68=2,'طیف فازی'!$D$3,IF('امتیاز دهی خبرگان'!$E68=3,'طیف فازی'!$D$4,IF('امتیاز دهی خبرگان'!$E68=4,'طیف فازی'!$D$5,'طیف فازی'!$D$6))))) -> 1 | L68: =IF('امتیاز دهی خبرگان'!$F68=0,0,IF('امتیاز دهی خبرگان'!$F68=1,'طیف فازی'!$B$2,IF('امتیاز دهی خبرگان'!$F68=2,'طیف فازی'!$B$3,IF('امتیاز دهی خبرگان'!$F68=3,'طیف فازی'!$B$4,IF('امتیاز دهی خبرگان'!$F68=4,'طیف فازی'!$B$5,'طیف فازی'!$B$6))))) -> 0.75 | M68: =IF('امتیاز دهی خبرگان'!$F68=0,0,IF('امتیاز دهی خبرگان'!$F68=1,'طیف فازی'!$C$2,IF('امتیاز دهی خبرگان'!$F68=2,'طیف فازی'!$C$3,IF('امتیاز دهی خبرگان'!$F68=3,'طیف فازی'!$C$4,IF('امتیاز دهی خبرگان'!$F68=4,'طیف فازی'!$C$5,'طیف فازی'!$C$6))))) -> 1 | N68: =IF('امتیاز دهی خبرگان'!$F68=0,0,IF('امتیاز دهی خبرگان'!$F68=1,'طیف فازی'!$D$2,IF('امتیاز دهی خبرگان'!$F68=2,'طیف فازی'!$D$3,IF('امتیاز دهی خبرگان'!$F68=3,'طیف فازی'!$D$4,IF('امتیاز دهی خبرگان'!$F68=4,'طیف فازی'!$D$5,'طیف فازی'!$D$6))))) -> 1 | O68: =IF('امتیاز دهی خبرگان'!$G68=0,0,IF('امتیاز دهی خبرگان'!$G68=1,'طیف فازی'!$B$2,IF('امتیاز دهی خبرگان'!$G68=2,'طیف فازی'!$B$3,IF('امتیاز دهی خبرگان'!$G68=3,'طیف فازی'!$B$4,IF('امتیاز دهی خبرگان'!$G68=4,'طیف فازی'!$B$5,'طیف فازی'!$B$6))))) -> 0.5 | P68: =IF('امتیاز دهی خبرگان'!$G68=0,0,IF('امتیاز دهی خبرگان'!$G68=1,'طیف فازی'!$C$2,IF('امتیاز دهی خبرگان'!$G68=2,'طیف فازی'!$C$3,IF('امتیاز دهی خبرگان'!$G68=3,'طیف فازی'!$C$4,IF('امتیاز دهی خبرگان'!$G68=4,'طیف فازی'!$C$5,'طیف فازی'!$C$6))))) -> 0.75 | Q68: =IF('امتیاز دهی خبرگان'!$G68=0,0,IF('امتیاز دهی خبرگان'!$G68=1,'طیف فازی'!$D$2,IF('امتیاز دهی خبرگان'!$G68=2,'طیف فازی'!$D$3,IF('امتیاز دهی خبرگان'!$G68=3,'طیف فازی'!$D$4,IF('امتیاز دهی خبرگان'!$G68=4,'طیف فازی'!$D$5,'طیف فازی'!$D$6))))) -> 1 | R68: =IF('امتیاز دهی خبرگان'!$H68=0,0,IF('امتیاز دهی خبرگان'!$H68=1,'طیف فازی'!$B$2,IF('امتیاز دهی خبرگان'!$H68=2,'طیف فازی'!$B$3,IF('امتیاز دهی خبرگان'!$H68=3,'طیف فازی'!$B$4,IF('امتیاز دهی خبرگان'!$H68=4,'طیف فازی'!$B$5,'طیف فازی'!$B$6))))) -> 0.25 | S68: =IF('امتیاز دهی خبرگان'!$H68=0,0,IF('امتیاز دهی خبرگان'!$H68=1,'طیف فازی'!$C$2,IF('امتیاز دهی خبرگان'!$H68=2,'طیف فازی'!$C$3,IF('امتیاز دهی خبرگان'!$H68=3,'طیف فازی'!$C$4,IF('امتیاز دهی خبرگان'!$H68=4,'طیف فازی'!$C$5,'طیف فازی'!$C$6))))) -> 0.5 | T68: =IF('امتیاز دهی خبرگان'!$H68=0,0,IF('امتیاز دهی خبرگان'!$H68=1,'طیف فازی'!$D$2,IF('امتیاز دهی خبرگان'!$H68=2,'طیف فازی'!$D$3,IF('امتیاز دهی خبرگان'!$H68=3,'طیف فازی'!$D$4,IF('امتیاز دهی خبرگان'!$H68=4,'طیف فازی'!$D$5,'طیف فازی'!$D$6))))) -> 0.75 | U68: =IF('امتیاز دهی خبرگان'!$I68=0,0,IF('امتیاز دهی خبرگان'!$I68=1,'طیف فازی'!$B$2,IF('امتیاز دهی خبرگان'!$I68=2,'طیف فازی'!$B$3,IF('امتیاز دهی خبرگان'!$I68=3,'طیف فازی'!$B$4,IF('امتیاز دهی خبرگان'!$I68=4,'طیف فازی'!$B$5,'طیف فازی'!$B$6))))) -> 0.75 | V68: =IF('امتیاز دهی خبرگان'!$I68=0,0,IF('امتیاز دهی خبرگان'!$I68=1,'طیف فازی'!$C$2,IF('امتیاز دهی خبرگان'!$I68=2,'طیف فازی'!$C$3,IF('امتیاز دهی خبرگان'!$I68=3,'طیف فازی'!$C$4,IF('امتیاز دهی خبرگان'!$I68=4,'طیف فازی'!$C$5,'طیف فازی'!$C$6))))) -> 1 | W68: =IF('امتیاز دهی خبرگان'!$I68=0,0,IF('امتیاز دهی خبرگان'!$I68=1,'طیف فازی'!$D$2,IF('امتیاز دهی خبرگان'!$I68=2,'طیف فازی'!$D$3,IF('امتیاز دهی خبرگان'!$I68=3,'طیف فازی'!$D$4,IF('امتیاز دهی خبرگان'!$I68=4,'طیف فازی'!$D$5,'طیف فازی'!$D$6))))) -> 1 | X68: =IF('امتیاز دهی خبرگان'!$J68=0,0,IF('امتیاز دهی خبرگان'!$J68=1,'طیف فازی'!$B$2,IF('امتیاز دهی خبرگان'!$J68=2,'طیف فازی'!$B$3,IF('امتیاز دهی خبرگان'!$J68=3,'طیف فازی'!$B$4,IF('امتیاز دهی خبرگان'!$J68=4,'طیف فازی'!$B$5,'طیف فازی'!$B$6))))) -> 0.25 | Y68: =IF('امتیاز دهی خبرگان'!$J68=0,0,IF('امتیاز دهی خبرگان'!$J68=1,'طیف فازی'!$C$2,IF('امتیاز دهی خبرگان'!$J68=2,'طیف فازی'!$C$3,IF('امتیاز دهی خبرگان'!$J68=3,'طیف فازی'!$C$4,IF('امتیاز دهی خبرگان'!$J68=4,'طیف فازی'!$C$5,'طیف فازی'!$C$6))))) -> 0.5 | Z68: =IF('امتیاز دهی خبرگان'!$J68=0,0,IF('امتیاز دهی خبرگان'!$J68=1,'طیف فازی'!$D$2,IF('امتیاز دهی خبرگان'!$J68=2,'طیف فازی'!$D$3,IF('امتیاز دهی خبرگان'!$J68=3,'طیف فازی'!$D$4,IF('امتیاز دهی خبرگان'!$J68=4,'طیف فازی'!$D$5,'طیف فازی'!$D$6))))) -> 0.75 | AA68: =IF('امتیاز دهی خبرگان'!$K68=0,0,IF('امتیاز دهی خبرگان'!$K68=1,'طیف فازی'!$B$2,IF('امتیاز دهی خبرگان'!$K68=2,'طیف فازی'!$B$3,IF('امتیاز دهی خبرگان'!$K68=3,'طیف فازی'!$B$4,IF('امتیاز دهی خبرگان'!$K68=4,'طیف فازی'!$B$5,'طیف فازی'!$B$6))))) -> 0.5 | AB68: =IF('امتیاز دهی خبرگان'!$K68=0,0,IF('امتیاز دهی خبرگان'!$K68=1,'طیف فازی'!$C$2,IF('امتیاز دهی خبرگان'!$K68=2,'طیف فازی'!$C$3,IF('امتیاز دهی خبرگان'!$K68=3,'طیف فازی'!$C$4,IF('امتیاز دهی خبرگان'!$K68=4,'طیف فازی'!$C$5,'طیف فازی'!$C$6))))) -> 0.75 | AC68: =IF('امتیاز دهی خبرگان'!$K68=0,0,IF('امتیاز دهی خبرگان'!$K68=1,'طیف فازی'!$D$2,IF('امتیاز دهی خبرگان'!$K68=2,'طیف فازی'!$D$3,IF('امتیاز دهی خبرگان'!$K68=3,'طیف فازی'!$D$4,IF('امتیاز دهی خبرگان'!$K68=4,'طیف فازی'!$D$5,'طیف فازی'!$D$6))))) -> 1 | AD68: =IF('امتیاز دهی خبرگان'!$L68=0,0,IF('امتیاز دهی خبرگان'!$L68=1,'طیف فازی'!$B$2,IF('امتیاز دهی خبرگان'!$L68=2,'طیف فازی'!$B$3,IF('امتیاز دهی خبرگان'!$L68=3,'طیف فازی'!$B$4,IF('امتیاز دهی خبرگان'!$L68=4,'طیف فازی'!$B$5,'طیف فازی'!$B$6))))) -> 0.5 | AE68: =IF('امتیاز دهی خبرگان'!$L68=0,0,IF('امتیاز دهی خبرگان'!$L68=1,'طیف فازی'!$C$2,IF('امتیاز دهی خبرگان'!$L68=2,'طیف فازی'!$C$3,IF('امتیاز دهی خبرگان'!$L68=3,'طیف فازی'!$C$4,IF('امتیاز دهی خبرگان'!$L68=4,'طیف فازی'!$C$5,'طیف فازی'!$C$6))))) -> 0.75 | AF68: =IF('امتیاز دهی خبرگان'!$L68=0,0,IF('امتیاز دهی خبرگان'!$L68=1,'طیف فازی'!$D$2,IF('امتیاز دهی خبرگان'!$L68=2,'طیف فازی'!$D$3,IF('امتیاز دهی خبرگان'!$L68=3,'طیف فازی'!$D$4,IF('امتیاز دهی خبرگان'!$L68=4,'طیف فازی'!$D$5,'طیف فازی'!$D$6))))) -> 1 | AG68: =IF('امتیاز دهی خبرگان'!$M68=0,0,IF('امتیاز دهی خبرگان'!$M68=1,'طیف فازی'!$B$2,IF('امتیاز دهی خبرگان'!$M68=2,'طیف فازی'!$B$3,IF('امتیاز دهی خبرگان'!$M68=3,'طیف فازی'!$B$4,IF('امتیاز دهی خبرگان'!$M68=4,'طیف فازی'!$B$5,'طیف فازی'!$B$6))))) -> 0.25 | AH68: =IF('امتیاز دهی خبرگان'!$M68=0,0,IF('امتیاز دهی خبرگان'!$M68=1,'طیف فازی'!$C$2,IF('امتیاز دهی خبرگان'!$M68=2,'طیف فازی'!$C$3,IF('امتیاز دهی خبرگان'!$M68=3,'طیف فازی'!$C$4,IF('امتیاز دهی خبرگان'!$M68=4,'طیف فازی'!$C$5,'طیف فازی'!$C$6))))) -> 0.5 | AI68: =IF('امتیاز دهی خبرگان'!$M68=0,0,IF('امتیاز دهی خبرگان'!$M68=1,'طیف فازی'!$D$2,IF('امتیاز دهی خبرگان'!$M68=2,'طیف فازی'!$D$3,IF('امتیاز دهی خبرگان'!$M68=3,'طیف فازی'!$D$4,IF('امتیاز دهی خبرگان'!$M68=4,'طیف فازی'!$D$5,'طیف فازی'!$D$6))))) -> 0.75 | AJ68: =IF('امتیاز دهی خبرگان'!$N68=0,0,IF('امتیاز دهی خبرگان'!$N68=1,'طیف فازی'!$B$2,IF('امتیاز دهی خبرگان'!$N68=2,'طیف فازی'!$B$3,IF('امتیاز دهی خبرگان'!$N68=3,'طیف فازی'!$B$4,IF('امتیاز دهی خبرگان'!$N68=4,'طیف فازی'!$B$5,'طیف فازی'!$B$6))))) -> 0.5 | AK68: =IF('امتیاز دهی خبرگان'!$N68=0,0,IF('امتیاز دهی خبرگان'!$N68=1,'طیف فازی'!$C$2,IF('امتیاز دهی خبرگان'!$N68=2,'طیف فازی'!$C$3,IF('امتیاز دهی خبرگان'!$N68=3,'طیف فازی'!$C$4,IF('امتیاز دهی خبرگان'!$N68=4,'طیف فازی'!$C$5,'طیف فازی'!$C$6))))) -> 0.75 | AL68: =IF('امتیاز دهی خبرگان'!$N68=0,0,IF('امتیاز دهی خبرگان'!$N68=1,'طیف فازی'!$D$2,IF('امتیاز دهی خبرگان'!$N68=2,'طیف فازی'!$D$3,IF('امتیاز دهی خبرگان'!$N68=3,'طیف فازی'!$D$4,IF('امتیاز دهی خبرگان'!$N68=4,'طیف فازی'!$D$5,'طیف فازی'!$D$6))))) -> 1 | AM68: =C68+F68+I68+L68+O68+R68+U68+X68+AA68+AD68+AG68+AJ68 -> 6.25 | AN68: =D68+G68+J68+M68+P68+S68+V68+Y68+AB68+AE68+AH68+AK68 -> 9.25 | AO68: =E68+H68+K68+N68+Q68+T68+W68+Z68+AC68+AF68+AI68+AL68 -> 11.25 | AP68: =(AM68)/$AU$4 -> 0.52083333 | AQ68: =(AN68)/$AU$4 -> 0.77083333 | AR68: =(AO68)/$AU$4 -> 0.9375 | AS68: =AVERAGE(AP68:AR68) -> 0.74305556 | AT68: =IF(AS68>=0.7,"Pass","Not Pass") -> Pass
